discount_in_percent;price_regular;month;special_days;avg_yearly_household_income_2017;avg_population_2017;sku;agency;time_idx;price_close;price_high;price_low;price_open;active-addresses;addresses-in-loss;addresses-in-profit
1;1;1;z;1;1;q;a;0;511.099;534.197;500.25;532.074;298025;6989385;5856485
1;1;1;z;1;1;q;a;1;503.169;518.031;502.564;511.147;318108;7144029;5758049
1;1;1;z;1;1;q;a;2;524.257;525.092;502.894;503.169;303442;6821968;6128878
1;1;1;z;1;1;q;a;3;567.475;567.475;523.262;524.789;336554;6471925;6541816
1;1;1;z;1;1;q;a;4;615.765;618.715;560.283;567.889;353036;6190086;6885675
1;1;1;z;1;1;q;a;5;603.808;621.888;578.55;615.765;362104;6342029;6813797
1;1;1;z;1;1;q;a;6;622.043;640.767;593.869;605.395;375269;6189541;7031786
1;1;1;z;1;1;q;a;7;643.168;646.7;621.035;622.043;398853;6048108;7222778
1;1;1;z;1;1;q;a;8;707.623;708.875;642.548;642.548;397119;5441722;7890292
1;1;1;z;1;1;q;a;9;612.7;708.158;600.212;708.158;352729;6604112;6776390
1;1;1;z;1;1;q;a;10;663.181;663.181;604.007;615.416;347314;6029461;7398519
1;1;1;z;1;1;q;a;11;647.032;684.868;647.032;662.809;329409;6230022;7243206
1;1;1;z;1;1;q;a;12;683.548;691.442;644.646;647.032;334905;5852803;7662482
1;1;1;z;1;1;q;a;13;689.401;697.756;670.513;683.678;309662;5762989;7791016
1;1;1;z;1;1;q;a;14;669.75;694.439;666.117;688.881;349845;6231666;7363279
1;1;1;z;1;1;q;a;15;674.192;674.403;637.54;669.924;316590;6126126;7512512
1;1;1;z;1;1;q;a;16;686.532;688.842;667.42;673.613;352782;5810042;7871600
1;1;1;z;1;1;q;a;17;781.437;784.341;686.591;687.149;384820;4501078;9233103
1;1;1;z;1;1;q;a;18;784.908;803.746;762.632;779.543;636842;4522961;9255032
1;1;1;z;1;1;q;a;19;815.89;827.455;784.237;785.624;386029;4237102;9592344
1;1;1;z;1;1;q;a;20;793.046;835.057;764.883;816.12;365220;4554369;9345275
1;1;1;z;1;1;q;a;21;751.327;795.758;710.178;792.311;387600;5084944;8874171
1;1;1;z;1;1;q;a;22;754.139;774.249;728.129;753.725;392906;5068084;8954953
1;1;1;z;1;1;q;a;23;751.736;759.529;718.472;752.857;380628;5091143;9006743
1;1;1;z;1;1;q;a;24;726.664;766.748;726.664;752.275;377753;5835772;8323810
1;1;1;z;1;1;q;a;25;680.712;736.977;669.825;727.277;378266;6867154;7349477
1;1;1;z;1;1;q;a;26;685.96;691.411;644.066;679.586;362743;6667959;7613186
1;1;1;z;1;1;q;a;27;734.488;741.312;675.319;686.048;347440;5537414;8807474
1;1;1;z;1;1;q;a;28;731.692;742.17;695.792;733.496;384986;5629792;8766546
1;1;1;z;1;1;q;a;29;709.902;739.052;700.995;730.549;390493;6253436;8198198
1;1;1;z;1;1;q;a;30;707.05;710.2;682.541;708.871;401754;6294290;8223946
1;1;1;z;1;1;q;a;31;672.657;718.833;668.834;707.05;402182;7487370;7107399
1;1;1;z;1;1;q;a;32;693.997;695.031;663.809;672.657;402564;6699049;7975781
1;1;1;z;1;1;q;a;33;696.275;715.578;686.791;694.367;400723;6659657;8103330
1;1;1;z;1;1;q;a;34;715.756;723.753;692.669;696.53;370323;5975238;8848701
1;1;1;z;1;1;q;a;35;699.735;719.278;692.494;715.369;385610;6693965;8193798
1;1;1;z;1;1;q;a;36;648.226;700.976;644.026;699.222;401508;8211644;6722507
1;1;1;z;1;1;q;a;37;584.766;651.636;572.952;647.741;396809;8980856;6018657
1;1;1;z;1;1;q;a;38;602.471;610.818;557.206;584.766;407598;8741228;6312521
1;1;1;z;1;1;q;a;39;584.337;617.186;575.624;601.755;382613;9093453;6019348
1;1;1;z;1;1;q;a;40;587.317;606.175;583.512;586.734;364419;9062993;6099300
1;1;1;z;1;1;q;a;41;573.991;590.328;562.866;587.28;386427;9262415;5969538
1;1;1;z;1;1;q;a;42;516.54;576.049;512.552;572.668;434911;9900396;5397770
1;1;1;z;1;1;q;a;43;565.301;572.264;516.036;516.54;398413;9284117;6078225
1;1;1;z;1;1;q;a;44;559.971;583.136;545.431;565.301;400827;9416063;6019466
1;1;1;z;1;1;q;a;45;576.808;585.538;557.066;559.59;407822;9039857;6450652
1;1;1;z;1;1;q;a;46;580.954;589.093;567.665;576.808;363396;8947694;6594974
1;1;1;z;1;1;q;a;47;591.858;597.077;577.322;580.954;390600;8691684;6902163
1;1;1;z;1;1;q;a;48;618.329;624.513;591.259;591.808;401453;8162253;7500542
1;1;1;z;1;1;q;a;49;592.44;623.429;583.747;618.329;382946;8853577;6869276
1;1;1;z;1;1;q;a;50;609.272;611.33;580.982;592.44;369706;8330289;7457146
1;1;1;z;1;1;q;a;51;607.062;611.643;596.396;609.272;364224;8448260;7406489
1;1;1;z;1;1;q;a;52;604.751;616.144;601.693;607.124;390856;8639692;7281186
1;1;1;z;1;1;q;a;53;601.695;608.811;595.593;604.751;353661;8798157;7170044
1;1;1;z;1;1;q;a;54;599.774;608.583;599.774;601.077;377206;8931654;7073564
1;1;1;z;1;1;q;a;55;525.787;599.774;511.889;599.774;375340;10543678;5478643
1;1;1;z;1;1;q;a;56;532.113;536.858;515.269;525.787;379350;10420584;5620098
1;1;1;z;1;1;q;a;57;495.119;538.955;491.235;533.284;333131;10927532;5158968
1;1;1;z;1;1;q;a;58;476.264;501.905;459.004;495.119;355800;11085623;5068357
1;1;1;z;1;1;q;a;59;519.443;523.545;467.466;476.264;359735;10563707;5645222
1;1;1;z;1;1;q;a;60;491.095;521.305;487.469;519.742;374176;10955904;5285920
1;1;1;z;1;1;q;a;61;499.829;503.223;488.851;491.004;296327;10837190;5445280
1;1;1;z;1;1;q;a;62;500.53;507.641;498.648;499.642;312235;10877302;5450242
1;1;1;z;1;1;q;a;63;518.703;521.796;494.066;500.448;327097;10439511;5943664
1;1;1;z;1;1;q;a;64;538.103;542.353;516.312;518.891;360185;9951778;6465947
1;1;1;z;1;1;q;a;65;536.646;541.015;519.369;538.103;372228;9969548;6493619
1;1;1;z;1;1;q;a;66;527.522;543.717;524.259;536.268;366233;10340243;6174830
1;1;1;z;1;1;q;a;67;465.403;527.367;456.877;527.367;372048;11708860;4836432
1;1;1;z;1;1;q;a;68;474.52;479.129;462.393;465.403;325471;11491920;5106706
1;1;1;z;1;1;q;a;69;458.233;475.359;426.469;474.52;337647;11863833;4779786
1;1;1;z;1;1;q;a;70;460.816;470.344;448.896;458.233;476642;11714644;4923097
1;1;1;z;1;1;q;a;71;434.065;461.213;434.065;460.31;363353;12183358;4424887
1;1;1;z;1;1;q;a;72;442.177;444.243;424.839;432.772;373569;12044154;4626036
1;1;1;z;1;1;q;a;73;422.365;443.618;419.945;442.365;384881;12383913;4328752
1;1;1;z;1;1;q;a;74;436.391;442.12;407.595;422.587;364242;12030097;4709189
1;1;1;z;1;1;q;a;75;454.991;459.645;436.009;436.009;247996;11611739;5166005
1;1;1;z;1;1;q;a;76;453.9;457.205;446.229;454.991;193411;11636780;5155981
1;1;1;z;1;1;q;a;77;475.238;479.13;447.111;453.824;232096;10953694;5857254
1;1;1;z;1;1;q;a;78;463.738;484.514;462.163;475.962;227933;11376742;5451465
1;1;1;z;1;1;q;a;79;466.277;481.436;455.185;464.195;225808;11319564;5524467
1;1;1;z;1;1;q;a;80;474.631;483.135;463.659;467.287;247255;10993123;5871536
1;1;1;z;1;1;q;a;81;474.155;480.194;457.869;474.631;215491;11019553;5868537
1;1;1;z;1;1;q;a;82;491.478;491.478;466.836;474.012;212632;10585325;6321414
1;1;1;z;1;1;q;a;83;489.304;503.555;488.408;491.66;266212;10680910;6252099
1;1;1;z;1;1;q;a;84;476.627;491.273;476.215;489.304;282604;11014111;5951208
1;1;1;z;1;1;q;a;85;434.348;477.774;433.96;476.627;284996;12455830;4541442
1;1;1;z;1;1;q;a;86;446.046;447.262;429.657;434.515;263993;12138859;4885022
1;1;1;z;1;1;q;a;87;430.074;446.502;422.81;446.502;247943;12619574;4435236
1;1;1;z;1;1;q;a;88;433.787;442.566;430.074;430.074;231582;12544745;4535700
1;1;1;z;1;1;q;a;89;436.282;439.371;431.463;433.914;225112;12397694;4698854
1;1;1;z;1;1;q;a;90;449.85;453.967;434.033;435.988;223361;11944942;5166507
1;1;1;z;1;1;q;a;91;480.49;480.49;446.798;450.142;324533;10718607;6434622
1;1;1;z;1;1;q;a;92;500.909;508.034;468.794;480.202;334043;10251323;6955094
1;1;1;z;1;1;q;a;93;480.513;513.102;473.883;500.838;385497;10810584;6448534
1;1;1;z;1;1;q;a;94;469.619;483.027;465.168;480.513;353380;11463801;5843971
1;1;1;z;1;1;q;a;95;450.605;469.307;443.886;469.307;325993;12267792;5093764
1;1;1;z;1;1;q;a;96;462.477;468.477;445.1;450.679;277942;11765245;5651381
1;1;1;z;1;1;q;a;97;459.657;470.926;457.955;462.436;319803;11969736;5502079
1;1;1;z;1;1;q;a;98;450.975;469.799;449.728;459.439;382842;12417199;5097211
1;1;1;z;1;1;q;a;99;479.373;481.457;450.565;450.975;405268;10750129;6788947
1;1;1;z;1;1;q;a;100;472.785;482.556;466.332;479.906;406421;11165834;6408844
1;1;1;z;1;1;q;a;101;464.037;483.712;461.424;472.785;366091;11881462;5737296
1;1;1;z;1;1;q;a;102;469.636;473.45;458.701;464.037;393551;11489111;6193344
1;1;1;z;1;1;q;a;103;466.868;471.594;462.947;469.95;357777;11746936;6006065
1;1;1;z;1;1;q;a;104;466.787;470.228;462.78;466.915;348481;11714994;6111508
1;1;1;z;1;1;q;a;105;457.219203346;467.939;448.358210448;466.793;365628;12532695;5348536
1;1;1;z;1;1;q;a;106;434.346370358;457.245251112;430.30612274;456.835866105;364774;13386951;4553429
1;1;1;z;1;1;q;a;107;420.746959721;435.422735715;410.820795786;434.083114448;362641;13801841;4185767
1;1;1;z;1;1;q;a;108;412.62121575;424.921613311;410.309023279;420.806339794;361891;13950360;4066207
1;1;1;z;1;1;q;a;109;418.688099963;510.222357056;399.918362384;412.62121575;373515;13767726;4278518
1;1;1;z;1;1;q;a;110;407.36929574;420.186414948;403.963582222;418.390907043;329665;14084458;4015772
1;1;1;z;1;1;q;a;111;410.214451481;413.730420991;402.400364115;407.260371081;307041;13992737;4157932
1;1;1;z;1;1;q;a;112;406.52536786;414.540242839;403.485240633;410.542768759;335825;14160033;4039019
1;1;1;z;1;1;q;a;113;380.425981994;411.68418724;376.076743105;406.801464995;307071;14676898;3564611
1;1;1;z;1;1;q;a;114;356.613028666;380.871121046;353.552596752;380.073327451;269653;14985386;3291483
1;1;1;z;1;1;q;a;115;365.777538838;370.954506107;353.733041165;356.613028666;262265;14819142;3490159
1;1;1;z;1;1;q;a;116;334.211244176;367.045143682;329.585773639;365.777538838;298821;15272208;3077313
1;1;1;z;1;1;q;a;117;322.111523909;334.454392315;308.488276832;334.150479591;320551;15513923;2882861
1;1;1;z;1;1;q;a;118;319.368282891;328.629084194;318.440220239;322.501777687;323034;15633253;2807403
1;1;1;z;1;1;q;a;119;286.35243418;323.551099866;284.934083774;319.368282891;336707;16912326;1564889
1;1;1;z;1;1;q;a;120;278.931610762;286.494579814;254.649891318;286.494579814;322562;17016848;1496860
1;1;1;z;1;1;q;a;121;282.507251391;303.63634572;278.883004684;278.931610762;315555;16976342;1568344
1;1;1;z;1;1;q;a;122;287.366301635;298.580772601;280.503697995;282.363684335;336958;16832465;1738312
1;1;1;z;1;1;q;a;123;315.728949968;316.01554882;287.346168295;287.366301635;298310;15466391;3112913
1;1;1;z;1;1;q;a;124;295.736646619;320.751416446;286.426850219;315.451687583;291247;16472841;2127182
1;1;1;z;1;1;q;a;125;301.026073737;307.098165481;291.331957502;295.736646619;283965;16080956;2534805
1;1;1;z;1;1;q;a;126;274.563449618;304.556236945;273.163975057;301.026073737;319204;17203563;1437993
1;1;1;z;1;1;q;a;127;281.686287519;286.38778229;273.196811185;274.716379726;283375;17081763;1593609
1;1;1;z;1;1;q;a;128;271.191284756;297.031049594;264.997819944;281.776755248;292932;17296884;1407692
1;1;1;z;1;1;q;a;129;277.103883005;280.043170491;271.272591818;271.272591818;289997;17181307;1544377
1;1;1;z;1;1;q;a;130;283.256818366;283.552429053;273.666825116;277.357723985;301887;16946724;1782914
1;1;1;z;1;1;q;a;131;279.534083991;283.55911969;278.398615593;283.256818366;290696;17087987;1642244
1;1;1;z;1;1;q;a;132;274.578099027;279.524965884;272.032106631;279.353034575;301704;17275101;1466417
1;1;1;z;1;1;q;a;133;285.688397377;285.688397377;273.392129685;274.993879498;319753;16730749;2016559
1;1;1;z;1;1;q;a;134;296.499489861;297.576195492;283.721728187;286.401629091;311432;16085871;2684100
1;1;1;z;1;1;q;a;135;289.251841577;297.071104814;287.206074335;296.020569075;257379;16584063;2203664
1;1;1;z;1;1;q;a;136;284.088860812;291.271444297;274.867581355;289.312410944;272927;16885550;1929100
1;1;1;z;1;1;q;a;137;282.817183085;284.551373515;278.263711995;284.105467625;277839;16908932;1917917
1;1;1;z;1;1;q;a;138;295.503478863;301.323966684;282.834863799;282.937903331;307537;16098294;2758061
1;1;1;z;1;1;q;a;139;294.22309744;298.96329459;290.867084932;295.50540109;312176;16223154;2677754
1;1;1;z;1;1;q;a;140;289.144898086;295.792607681;287.174417114;294.370662274;317999;16643430;2278293
1;1;1;z;1;1;q;a;141;285.694149531;291.515727352;284.166512551;289.144898086;296656;16916883;2020610
1;1;1;z;1;1;q;a;142;232.708493603;287.97291455;232.708493603;285.723191623;302289;17913893;1027174
1;1;1;z;1;1;q;a;143;230.102022302;232.708493603;218.12314895;232.708493603;290897;17864791;1079656
1;1;1;z;1;1;q;a;144;217.555832682;233.753084458;216.965187865;230.214857894;294029;18091784;872948
1;1;1;z;1;1;q;a;145;197.908999657;220.61003025;193.201994439;217.555832682;274658;18202093;782676
1;1;1;z;1;1;q;a;146;197.148891107;207.666328437;188.199776708;197.950737895;278538;18196815;802616
1;1;1;z;1;1;q;a;147;197.079074946;201.810334367;189.559565304;196.924392185;271355;18187366;833274
1;1;1;z;1;1;q;a;148;185.123062389;198.50563951;180.371277035;197.442641998;248152;18320626;725737
1;1;1;z;1;1;q;a;149;183.430393852;185.966419192;170.308735628;185.06646594;248885;18278130;794574
1;1;1;z;1;1;q;a;150;211.936344011;214.001725332;183.486585175;183.486585175;265172;17890446;1200763
1;1;1;z;1;1;q;a;151;211.640163669;223.079613453;204.871477404;211.285476438;240159;17911190;1202849
1;1;1;z;1;1;q;a;152;223.110868501;226.758107068;209.606371726;211.640163669;209539;17720478;1410851
1;1;1;z;1;1;q;a;153;220.5034097;222.958698511;211.602248551;222.958698511;208452;17770755;1381189
1;1;1;z;1;1;q;a;154;197.983069343;224.181663972;195.498565018;220.588802442;253144;18220988;954342
1;1;1;z;1;1;q;a;155;210.307500486;213.89074455;195.763696928;197.667483441;224345;17993336;1203600
1;1;1;z;1;1;q;a;156;210.156398615;213.871209756;201.7267997;209.974577896;216210;18010741;1207188
1;1;1;z;1;1;q;a;157;224.370074111;225.160683753;207.754707317;210.172822541;232801;17596598;1641325
1;1;1;z;1;1;q;a;158;246.670706374;248.387518143;221.501407016;224.591001755;244858;17305723;1955251
1;1;1;z;1;1;q;a;159;240.81174316;251.602649211;233.809789024;246.670706374;216166;17386238;1899303
1;1;1;z;1;1;q;a;160;244.694825761;247.697013221;237.700460997;240.572769486;213502;17325817;1979866
1;1;1;z;1;1;q;a;161;228.72991398;245.126947858;227.544785584;244.329533514;215325;17646264;1677015
1;1;1;z;1;1;q;a;162;218.348009064;228.669392427;206.216757328;228.669392427;228975;17946964;1392659
1;1;1;z;1;1;q;a;163;216.142592829;221.436605088;209.113459702;218.742022822;213754;18003181;1360267
1;1;1;z;1;1;q;a;164;228.632235227;230.644292784;212.346536186;215.847417971;233265;17562064;1828112
1;1;1;z;1;1;q;a;165;222.661025218;231.841419617;218.507405549;228.632235227;235655;17799826;1615182
1;1;1;z;1;1;q;a;166;231.703875134;234.393479072;216.078289549;222.479473522;199983;17471790;1960800
1;1;1;z;1;1;q;a;167;232.815758146;237.0841079;228.444987569;231.703875134;229339;17462981;1993914
1;1;1;z;1;1;q;a;168;230.853973039;234.337780349;226.476418904;232.815758146;220471;17543567;1936439
1;1;1;z;1;1;q;a;169;227.313649214;231.160740262;225.574733109;230.685790528;217721;17754456;1746894
1;1;1;z;1;1;q;a;170;220.578864046;227.313649214;213.71062136;227.313649214;254293;18006148;1518894
1;1;1;z;1;1;q;a;171;222.232981704;226.195424163;220.050092457;220.488049483;267083;17974397;1570107
1;1;1;z;1;1;q;a;172;227.600640241;228.65772276;220.939074608;222.091019754;278701;17634137;1927124
1;1;1;z;1;1;q;a;173;225.073070243;227.977179402;224.282195855;227.600640241;282015;17798338;1776318
1;1;1;z;1;1;q;a;174;226.11851246;226.504683977;222.874502693;225.245318132;230043;17691418;1903903
1;1;1;z;1;1;q;a;175;229.255166637;230.764784736;224.315534341;226.11851246;249668;17498556;2117457
1;1;1;z;1;1;q;a;176;228.002739952;230.220940401;226.378714856;229.255166637;253648;17609246;2030606
1;1;1;z;1;1;q;a;177;225.8302706;227.981531001;224.385557032;227.981531001;242818;17786815;1863153
1;1;1;z;1;1;q;a;178;189.466638925;225.769251865;188.862051408;225.769251865;256020;18886931;783602
1;1;1;z;1;1;q;a;179;196.991134422;199.442579408;188.706759824;189.269384285;252120;18768273;934028
1;1;1;z;1;1;q;a;180;199.605554844;201.248081376;196.363911752;196.893212073;250542;18658796;1057040
1;1;1;z;1;1;q;a;181;195.511247883;201.724660115;195.080839983;199.840942398;235777;18861925;875882
1;1;1;z;1;1;q;a;182;209.959686105;221.944828925;194.159338363;195.714681293;266483;18371859;1393574
1;1;1;z;1;1;q;a;183;209.965181294;212.125939772;207.961013986;210.110701211;275248;18380639;1406658
1;1;1;z;1;1;q;a;184;207.048615509;211.124587512;206.050375708;210.119750113;281159;18523082;1283302
1;1;1;z;1;1;q;a;185;203.188703933;208.530297762;201.86123818;207.19552558;267431;18646945;1174736
1;1;1;z;1;1;q;a;186;203.964431486;204.660676388;201.868021045;203.227793336;262565;18609266;1238931
1;1;1;z;1;1;q;a;187;205.456101619;206.212713212;202.383629673;203.825723288;254041;18546718;1336470
1;1;1;z;1;1;q;a;188;205.101504263;208.150124857;204.621309481;205.429573725;239209;18626201;1284021
1;1;1;z;1;1;q;a;189;204.020569562;206.851717236;203.303683676;205.141855565;281713;18703570;1230349
1;1;1;z;1;1;q;a;190;204.212234079;205.146998277;201.922473213;204.044167629;269733;18650736;1308854
1;1;1;z;1;1;q;a;191;203.850147827;205.64313399;203.28345473;204.212234079;271812;18747410;1246812
1;1;1;z;1;1;q;a;192;202.842242506;204.132015236;201.823586602;203.850147827;258725;18824499;1196086
1;1;1;z;1;1;q;a;193;203.388296301;204.780225625;201.551011324;202.842242506;266347;18742077;1292698
1;1;1;z;1;1;q;a;194;204.605915794;206.122029162;203.279771088;203.317273512;240906;18510881;1541392
1;1;1;z;1;1;q;a;195;205.36631044;205.973934589;203.523232867;204.264015065;244275;18408751;1674707
1;1;1;z;1;1;q;a;196;197.247057548;205.860511436;195.683073079;205.301202549;289791;19188909;927551
1;1;1;z;1;1;q;a;197;197.854764256;198.121611043;196.308720833;197.247057548;298978;19113857;1044985
1;1;1;z;1;1;q;a;198;197.442108546;198.337553712;196.391692945;197.555970533;287944;19172650;1027731
1;1;1;z;1;1;q;a;199;198.726886168;203.89314062;197.327517699;197.380920069;271856;19051480;1185853
1;1;1;z;1;1;q;a;200;200.733365175;201.373602171;198.724375938;198.867602963;236992;18882811;1383110
1;1;1;z;1;1;q;a;201;200.193686145;200.747618158;199.57740719;200.634687295;229463;18933645;1356573
1;1;1;z;1;1;q;a;202;208.059621245;211.40461918;198.91386822;200.138042071;236669;18146050;2171650
1;1;1;z;1;1;q;a;203;209.264165481;210.816120168;206.495865295;208.059621245;262431;18064325;2281273
1;1;1;z;1;1;q;a;204;217.962432869;218.41972305;207.893985977;209.091288421;251965;17691379;2686825
1;1;1;z;1;1;q;a;205;217.162973353;221.788545116;216.732776594;218.304613734;238372;17788126;2621232
1;1;1;z;1;1;q;a;206;212.09631704;218.554465905;212.09631704;217.293317005;233419;18036656;2404142
1;1;1;z;1;1;q;a;207;210.042282215;213.214571501;209.315489942;212.09631704;258067;18208310;2257858
1;1;1;z;1;1;q;a;208;212.37211973;213.935663225;209.831304878;210.074433845;237237;18060640;2435078
1;1;1;z;1;1;q;a;209;211.417448663;212.999880613;208.771106159;212.532916241;263930;18138758;2387267
1;1;1;z;1;1;q;a;210;210.117203809;212.623373679;208.923824841;211.417448663;261016;18317424;2239375
1;1;1;z;1;1;q;a;211;206.843275031;210.625755543;206.054757157;210.417877043;248555;18643970;1940404
1;1;1;z;1;1;q;a;212;181.096249508;207.102400806;173.892302103;206.825762084;257977;19874152;739026
1;1;1;z;1;1;q;a;213;180.826574094;184.251230071;169.809088682;181.727510729;248930;19837302;807132
1;1;1;z;1;1;q;a;214;175.277404219;181.414821949;173.080420187;180.806370319;238707;19956247;720637
1;1;1;z;1;1;q;a;215;174.062410857;175.859428651;172.780837925;175.177028259;217636;19977026;729436
1;1;1;z;1;1;q;a;216;176.91376684;179.106831901;173.951273711;174.003904379;213228;19872680;861068
1;1;1;z;1;1;q;a;217;149.501269801;177.31609753;146.623978764;176.91376684;291014;20095073;641411
1;1;1;z;1;1;q;a;218;129.888094912;151.297759096;126.299249798;149.174592778;265317;20135894;628790
1;1;1;z;1;1;q;a;219;136.931741673;138.890293862;125.586464902;130.338557131;233937;20062643;727177
1;1;1;z;1;1;q;a;220;127.13875946;137.900447786;127.13875946;136.931741673;228962;20186469;625142
1;1;1;z;1;1;q;a;221;123.432545305;127.047160742;119.55885115;127.012625435;230052;20188100;651291
1;1;1;z;1;1;q;a;222;113.551965662;126.831809033;110.786963798;123.395933002;203765;20244796;616994
1;1;1;z;1;1;q;a;223;116.5756973;118.989716778;101.368718268;113.493751878;222053;20192193;695038
1;1;1;z;1;1;q;a;224;108.280369867;118.177519458;104.870974342;116.450405754;234432;20271965;640911
1;1;1;z;1;1;q;a;225;109.819319773;111.820491897;102.155628644;108.334504003;223427;20211271;716365
1;1;1;z;1;1;q;a;226;122.430983014;126.105458241;109.941533383;110.009974711;248140;20054475;908315
1;1;1;z;1;1;q;a;227;117.494530521;123.22971767;115.191500591;122.609184802;220224;20151406;832766
1;1;1;z;1;1;q;a;228;113.084992703;119.509211184;111.739336254;117.542645204;235165;20263381;747226
1;1;1;z;1;1;q;a;229;118.809992372;120.841453719;111.541071881;113.171421096;211012;20079165;953280
1;1;1;z;1;1;q;a;230;116.388680562;120.59866521;115.989442152;118.635558644;206970;20190191;853713
1;1;1;z;1;1;q;a;231;108.997643628;116.61906831;107.312814718;116.388899329;221674;20383231;682150
1;1;1;z;1;1;q;a;232;111.260682132;112.599135352;107.402721386;108.866461889;216687;20328131;741969
1;1;1;z;1;1;q;a;233;102.475555559;108.082958366;102.475555559;108.082958366;234206;20499472;608586
1;1;1;z;1;1;q;a;234;91.7610561566;104.103496045;91.7610561566;102.450592687;230912;20544228;588810
1;1;1;z;1;1;q;a;235;93.2945640148;96.0898423468;83.4697207864;91.649834213;245120;20481466;663071
1;1;1;z;1;1;q;a;236;92.1596396877;97.0598805676;86.8256658173;93.4100783452;258649;20456820;681733
1;1;1;z;1;1;q;a;237;95.2523157696;98.9000301323;91.0312776727;92.0354326922;227890;20405773;747993
1;1;1;z;1;1;q;a;238;91.7173696953;96.2573021247;90.6450616915;95.1420594843;253681;20506390;676179
1;1;1;z;1;1;q;a;239;88.9006073826;92.7722331016;87.7086354957;91.6223876686;220323;20568157;636744
1;1;1;z;1;1;q;a;240;90.4588844708;92.1931724755;88.2993413464;89.0058811439;220922;20529989;695960
1;1;1;z;1;1;q;a;241;86.4175383177;91.1088515661;85.5739465947;90.6131162553;222198;20680324;570502
1;1;1;z;1;1;q;a;242;84.3160306338;87.2119034153;83.2522490842;86.6131664986;224141;20726890;544117
1;1;1;z;1;1;q;a;243;84.4539516412;85.3163660634;82.8307460449;84.3057467624;229908;20705502;576201
1;1;1;z;1;1;q;a;244;85.2940890764;87.590690258;84.418862348;84.418862348;232587;20689406;607493
1;1;1;z;1;1;q;a;245;95.1047040138;96.870266293;85.322369589;85.3575506815;234430;20229900;1088557
1;1;1;z;1;1;q;a;246;101.085599194;101.415464509;92.9763997358;95.1095572866;221969;20135690;1203968
1;1;1;z;1;1;q;a;247;101.350590136;108.421513492;100.656637032;101.483516728;243591;20181292;1174486
1;1;1;z;1;1;q;a;248;116.217988511;117.149912269;100.72721524;101.171491194;244596;19772918;1609347
1;1;1;z;1;1;q;a;249;109.507403004;119.093287284;107.329521185;116.013103405;240591;20071040;1337631
1;1;1;z;1;1;q;a;250;116.768552916;116.768552916;107.491997068;109.382364341;200280;19740984;1696281
1;1;1;z;1;1;q;a;251;130.731418138;133.243624287;116.851138322;116.851138322;226021;19511606;1948112
1;1;1;z;1;1;q;a;252;139.992129223;158.033718752;130.708572854;130.708572854;250719;19462869;2032453
1;1;1;z;1;1;q;a;253;129.84435176;140.88021588;124.959335275;140.88021588;225577;19603146;1905854
1;1;1;z;1;1;q;a;254;131.674174769;136.677248539;126.29290758;129.888822727;231627;19552206;1964610
1;1;1;z;1;1;q;a;255;116.631371981;132.677059292;115.650099757;131.865627374;236954;19963643;1559853
1;1;1;z;1;1;q;a;256;136.471481241;137.311825108;115.693132487;116.575910514;246352;19395951;2155559
1;1;1;z;1;1;q;a;257;137.881832822;146.657910362;134.358116513;137.82921298;239155;19370548;2189978
1;1;1;z;1;1;q;a;258;139.910080915;140.633345869;134.338217188;137.722345022;206301;19321677;2253423
1;1;1;z;1;1;q;a;259;133.357707335;140.166122007;132.585254996;139.852676166;223168;19574647;2020271
1;1;1;z;1;1;q;a;260;140.722625124;141.393708814;132.590444347;133.365542551;199718;19291893;2325124
1;1;1;z;1;1;q;a;261;155.931126098;156.912920769;140.467612476;140.843263625;238591;19155902;2484047
1;1;1;z;1;1;q;a;262;149.129416354;155.830112942;147.176105484;155.0468401;256833;19286248;2378287
1;1;1;z;1;1;q;a;263;154.548251529;156.909894744;147.867196835;149.136769263;226922;19171233;2518594
1;1;1;z;1;1;q;a;264;155.874284892;160.781770026;154.374786005;154.45650857;214353;19207126;2506388
1;1;1;z;1;1;q;a;265;157.708644525;159.552489346;152.034856254;155.660518095;219445;19152152;2591777
1;1;1;z;1;1;q;a;266;151.69003028;158.473190559;151.238095804;157.639031759;248305;19402611;2372929
1;1;1;z;1;1;q;a;267;150.479077421;153.726999397;148.698459722;151.782078588;245232;19446782;2360416
1;1;1;z;1;1;q;a;268;150.866169147;153.565578762;150.281587933;150.392873009;247069;19478894;2363871
1;1;1;z;1;1;q;a;269;129.061289275;152.125361407;126.085336761;150.789393061;241397;20094648;1778630
1;1;1;z;1;1;q;a;270;127.366470294;130.145961019;125.219875369;128.504839267;233786;20162038;1735220
1;1;1;z;1;1;q;a;271;125.817309606;128.679125181;125.47128381;127.651055004;187940;20226831;1686516
1;1;1;z;1;1;q;a;272;116.888927441;126.294836922;116.086583939;126.014911279;197366;20491803;1452969
1;1;1;z;1;1;q;a;273;129.068732601;130.831207428;116.924855893;116.977314121;269833;19955575;1971794
1;1;1;z;1;1;q;a;274;121.943517645;130.743563539;120.311522717;129.172690653;243768;20275887;1648383
1;1;1;z;1;1;q;a;275;123.575697597;127.174757605;121.451640318;122.032712316;215489;20233339;1717148
1;1;1;z;1;1;q;a;276;123.784815694;124.213700044;120.821284263;123.555052547;215061;20200020;1775862
1;1;1;z;1;1;q;a;277;120.960624549;123.875836986;120.355231784;123.752811668;215722;20394806;1616152
1;1;1;z;1;1;q;a;278;124.494735278;125.85722885;120.986623473;120.986623473;206647;20162836;1875937
1;1;1;z;1;1;q;a;279;119.457371607;125.078120598;118.736023614;124.628950242;194747;20488854;1576653
1;1;1;z;1;1;q;a;280;117.164937528;119.737540341;116.232119457;119.463829257;213394;20633564;1458125
1;1;1;z;1;1;q;a;281;118.776533871;119.646863481;114.629616817;117.182682019;205638;20490372;1628646
1;1;1;z;1;1;q;a;282;117.452609248;119.369625147;116.376647106;118.686230429;213264;20648764;1498738
1;1;1;z;1;1;q;a;283;117.475682164;118.032106999;116.006798483;117.462784971;201489;20623242;1549554
1;1;1;z;1;1;q;a;284;116.411028786;117.802996076;115.784425504;117.362886414;211410;20782107;1419180
1;1;1;z;1;1;q;a;285;116.462310554;118.061892485;115.946506289;116.37865782;195036;20794904;1427935
1;1;1;z;1;1;q;a;286;113.633458071;116.656180849;113.632351067;116.484967813;200010;20964597;1290100
1;1;1;z;1;1;q;a;287;106.595106857;113.688228674;103.185972443;113.405291898;240993;21154913;1107363
1;1;1;z;1;1;q;a;288;105.64512616;107.157379913;103.976515202;106.541001311;218188;21173750;1107270
1;1;1;z;1;1;q;a;289;108.95127108;109.395553285;104.752534816;105.509780747;207513;21030016;1277202
1;1;1;z;1;1;q;a;290;107.0357547;110.543114348;106.497603175;108.913109863;207126;21137300;1194950
1;1;1;z;1;1;q;a;291;107.755918931;108.561796441;105.149535409;107.097365139;203189;21064919;1290260
1;1;1;z;1;1;q;a;292;110.571939675;110.571939675;106.845599594;107.539532477;182227;20903823;1469282
1;1;1;z;1;1;q;a;293;107.556505689;110.749588933;106.543556605;110.39225837;168013;21133166;1254949
1;1;1;z;1;1;q;a;294;107.69640619;108.874486102;107.104880448;107.483907392;164595;21112242;1290638
1;1;1;z;1;1;q;a;295;107.322731012;108.189938645;106.715545671;107.69849131;167213;21182292;1233976
1;1;1;z;1;1;q;a;296;104.914991581;107.682491712;102.91759742;107.394505251;171986;21336334;1096288
1;1;1;z;1;1;q;a;297;104.544928274;106.096881792;104.437313759;104.845608261;167519;21372133;1073355
1;1;1;z;1;1;q;a;298;119.13680347;120.160493067;104.203775698;104.603201142;184410;20179794;2271014
1;1;1;z;1;1;q;a;299;119.496049939;120.901372349;117.980924874;119.217178173;169210;20152555;2314611
1;1;1;z;1;1;q;a;300;124.809730896;124.846799886;117.057262941;119.330505012;155953;19861744;2615470
1;1;1;z;1;1;q;a;301;121.323365233;124.90873993;120.199197953;124.90873993;178065;20090341;2400922
1;1;1;z;1;1;q;a;302;122.547867988;123.442364865;119.564196152;121.160713679;183115;19981360;2534586
1;1;1;z;1;1;q;a;303;122.511082676;125.555091373;121.620683823;122.575240887;187874;20021459;2520905
1;1;1;z;1;1;q;a;304;121.569625589;124.410098371;121.305038889;122.450787313;187709;20176735;2389719
1;1;1;z;1;1;q;a;305;122.189181285;123.598651767;121.351773961;121.425326645;191532;20115496;2474056
1;1;1;z;1;1;q;a;306;123.349261489;124.116333299;122.05002263;122.05002263;180899;19961747;2650014
1;1;1;z;1;1;q;a;307;133.896985201;134.280861914;123.062584947;123.234134009;175920;19427131;3204714
1;1;1;z;1;1;q;a;308;146.164044877;147.922141953;132.875793209;133.431137723;222679;19156809;3496048
1;1;1;z;1;1;q;a;309;145.222831437;149.959697517;145.14736114;146.134657528;218510;19240648;3439251
1;1;1;z;1;1;q;a;310;149.519950761;149.519950761;142.446871021;145.170589726;201485;19070006;3630967
1;1;1;z;1;1;q;a;311;146.015182893;149.259754799;144.580508469;149.259754799;193284;19250151;3472713
1;1;1;z;1;1;q;a;312;149.009434173;149.238645068;145.153888048;146.211806309;197973;19086430;3659858
1;1;1;z;1;1;q;a;313;158.683704085;159.039166294;147.292489039;148.904357329;188464;18755664;4002448
1;1;1;z;1;1;q;a;314;136.649094002;165.596322742;136.649094002;158.790510027;201385;19652154;3127778
1;1;1;z;1;1;q;a;315;139.83897197;142.485452695;135.037314621;135.037314621;209900;19526690;3280306
1;1;1;z;1;1;q;a;316;137.995084732;139.970297172;136.573024346;139.754681609;209723;19632967;3202656
1;1;1;z;1;1;q;a;317;136.196094308;141.409364714;131.737290865;138.065116505;214695;19784622;3071785
1;1;1;z;1;1;q;a;318;136.844406444;138.869477307;135.693913109;136.099714697;221659;19777174;3110978
1;1;1;z;1;1;q;a;319;136.438554491;138.941186855;136.386767514;136.789256235;225872;19840474;3070615
1;1;1;z;1;1;q;a;320;134.327180174;137.155230047;132.366111053;136.36696829;207944;19929631;2988474
1;1;1;z;1;1;q;a;321;132.313169113;135.881646647;131.385124085;134.398566935;194227;20039477;2885605
1;1;1;z;1;1;q;a;322;127.364331959;132.901039242;125.524944361;132.209166129;227430;20270710;2681403
1;1;1;z;1;1;q;a;323;137.620251019;138.129866881;126.581364489;127.643116188;226692;19550311;3420621
1;1;1;z;1;1;q;a;324;138.857441967;140.23630325;136.043561633;138.065673086;225872;19411617;3580855
1;1;1;z;1;1;q;a;325;138.031145142;140.80746404;137.311479037;138.805600952;225519;19555232;3457595
1;1;1;z;1;1;q;a;326;135.044353941;139.506980347;133.607428859;138.189006177;226292;19942268;3091413
1;1;1;z;1;1;q;a;327;137.808118746;139.119032367;134.64967894;134.863147807;224382;19608874;3439228
1;1;1;z;1;1;q;a;328;137.015999277;138.312843046;135.699163242;138.057017125;188550;19766119;3302135
1;1;1;z;1;1;q;a;329;133.869574892;137.420816874;133.056181875;136.905197585;206611;20086628;3003588
1;1;1;z;1;1;q;a;330;134.490596991;135.309049497;130.886587002;133.913834347;227971;20022643;3083786
1;1;1;z;1;1;q;a;331;133.239737804;134.560236667;132.809546361;134.483577307;221073;20153575;2972191
1;1;1;z;1;1;q;a;332;133.607434397;135.175804521;132.632959266;133.19047651;228308;20077606;3078111
1;1;1;z;1;1;q;a;333;137.518207638;138.429346837;133.579294193;133.705377962;215033;19546543;3627697
1;1;1;z;1;1;q;a;334;142.468429821;144.579081034;137.826596775;137.826596775;193302;19149752;4043230
1;1;1;z;1;1;q;a;335;140.10509231;142.368545029;139.263461119;142.338562188;200211;19285399;3934962
1;1;1;z;1;1;q;a;336;139.517196478;142.353483835;138.793102616;140.202043709;229432;19354976;3883759
1;1;1;z;1;1;q;a;337;140.415609063;141.037349961;139.147861112;139.305087434;234632;19245994;4025691
1;1;1;z;1;1;q;a;338;140.609674662;140.900755542;138.248638494;140.573095914;230507;19209883;4101213
1;1;1;z;1;1;q;a;339;136.625501899;140.979671225;135.779131417;140.64956499;217302;20021228;3320012
1;1;1;z;1;1;q;a;340;137.261185678;138.743222817;136.170875242;136.594830501;220950;19911973;3457751
1;1;1;z;1;1;q;a;341;138.226263575;139.341907202;136.870220946;137.122114116;204313;19659325;3727685
1;1;1;z;1;1;q;a;342;136.921384372;138.306778682;136.295430947;138.306778682;202033;20048995;3365621
1;1;1;z;1;1;q;a;343;135.031027518;137.778439337;133.213019886;137.052427708;255205;20332975;3117494
1;1;1;z;1;1;q;a;344;135.460352857;135.460352857;133.81378043;134.948823156;241694;20237029;3240411
1;1;1;z;1;1;q;a;345;140.988157542;141.100213084;135.314231583;135.487678855;231730;19119155;4390919
1;1;1;z;1;1;q;a;346;139.416477555;141.007939725;138.425164637;141.007939725;241263;19464987;4084080
1;1;1;z;1;1;q;a;347;142.497417117;142.497417117;138.049299087;139.293269696;235121;19054299;4535857
1;1;1;z;1;1;q;a;348;143.2;148.873153654;141.1748841;142.145215995;231633;19051842;4577420
1;1;1;z;1;1;q;a;349;142.59;143.31;141.8;143.31;220683;19086414;4570041
1;1;1;z;1;1;q;a;350;141.855874502;143.85;140.23;142.36;279675;19252992;4449057
1;1;1;z;1;1;q;a;351;164.164677646;165.202974418;141.644986306;141.792343165;310402;18388153;5332129
1;1;1;z;1;1;q;a;352;161.431760954;178.280278386;157.322144075;163.955128069;292611;18523547;5240897
1;1;1;z;1;1;q;a;353;158.020007672;164.929213232;155.257940905;160.698510743;260778;18644899;5159265
1;1;1;z;1;1;q;a;354;165.511239539;167.078637064;157.443949117;158.1758477;252322;18428678;5400146
1;1;1;z;1;1;q;a;355;165.977241502;172.36622083;161.869418372;165.207190131;222522;18419106;5423185
1;1;1;z;1;1;q;a;356;174.449669098;175.01674572;165.047795201;166.01846561;233764;18251634;5609078
1;1;1;z;1;1;q;a;357;180.222129093;184.242463804;174.161857691;174.161857691;263907;18161433;5725948
1;1;1;z;1;1;q;a;358;176.067842046;180.254232064;175.256501724;179.921135103;262657;18350360;5553616
1;1;1;z;1;1;q;a;359;177.342765317;182.876550158;175.265444879;175.979433203;250109;18331456;5610326
1;1;1;z;1;1;q;a;360;165.335212304;177.379426834;162.487162752;177.379426834;284524;18702917;5248503
1;1;1;z;1;1;q;a;361;164.622854706;166.110651206;161.029740134;165.138670809;298063;18694584;5212206
1;1;1;z;1;1;q;a;362;164.476088004;166.362425577;163.011851264;164.446434567;250067;18702796;5197040
1;1;1;z;1;1;q;a;363;167.897474089;168.504682758;162.811308635;164.380826317;206183;18466568;5454075
1;1;1;z;1;1;q;a;364;161.523423858;168.818458462;159.829330611;168.245513859;249889;18965704;4981466
1;1;1;z;1;1;q;a;365;167.58660173;167.629668908;160.937150087;161.412162538;245079;18474758;5507664
1;1;1;z;1;1;q;a;366;166.950761576;168.750424908;165.501893072;167.56652189;254306;18520165;5498282
1;1;1;z;1;1;q;a;367;173.814032352;175.276369609;166.778888754;166.99386315;258054;18275670;5765888
1;1;1;z;1;1;q;a;368;173.708441176;173.866508358;170.620215358;173.76509536;282606;18263303;5810755
1;1;1;z;1;1;q;a;369;173.751265406;176.704136251;171.9347327;173.825193089;332957;18259798;5802063
1;1;1;z;1;1;q;a;370;170.046521769;174.336650781;167.428589552;173.830457249;270823;18525333;5573159
1;1;1;z;1;1;q;a;371;171.874669558;172.9730537;168.730804732;169.915502277;284359;18431035;5728431
1;1;1;z;1;1;q;a;372;171.447798826;176.802431255;170.92232102;171.954474876;289051;18544080;5634772
1;1;1;z;1;1;q;a;373;165.82609059;171.524463595;162.022683969;171.008950426;267266;18960868;5240756
1;1;1;z;1;1;q;a;374;154.459399951;166.407918154;154.13692816;165.842236661;253973;19605064;4628705
1;1;1;z;1;1;q;a;375;156.347087281;157.821949712;152.210938421;154.526994835;249803;19517528;4751074
1;1;1;z;1;1;q;a;376;158.43493242;160.589417342;155.73470591;156.586973657;215559;19404420;4878746
1;1;1;z;1;1;q;a;377;157.29507397;159.558768638;157.17453344;158.336782653;220006;19495300;4809570
1;1;1;z;1;1;q;a;378;155.201995458;158.333917024;153.317478266;157.305875902;243373;19666472;4662065
1;1;1;z;1;1;q;a;379;162.166037089;162.354801973;155.282991115;155.282991115;261278;19191520;5167002
1;1;1;z;1;1;q;a;380;160.818344256;164.029554844;159.714662482;162.324398748;264192;19303484;5100022
1;1;1;z;1;1;q;a;381;162.122791335;162.813916604;160.066289524;160.83353462;226055;19199443;5242705
1;1;1;z;1;1;q;a;382;167.952408601;170.013895033;161.209311908;161.971899434;238961;18632831;5847885
1;1;1;z;1;1;q;a;383;164.026580539;170.641467203;161.8515829;167.960051841;219018;19072333;5434501
1;1;1;z;1;1;q;a;384;163.450697022;165.104411807;159.947667155;164.129706344;222634;19173316;5364179
1;1;1;z;1;1;q;a;385;172.653208017;175.749211385;160.055419594;163.181451521;246461;18268001;6307975
1;1;1;z;1;1;q;a;386;169.798657365;180.147787646;169.798657365;173.010140173;242072;18568061;6052365
1;1;1;z;1;1;q;a;387;170.948168196;171.906087348;166.416338243;168.713303786;248644;18477879;6188000
1;1;1;z;1;1;q;a;388;170.289301603;172.880405952;167.335267607;170.689199859;253883;18570993;6135994
1;1;1;z;1;1;q;a;389;173.142739021;175.851138692;169.093374373;170.373799842;265020;18307805;6448864
1;1;1;z;1;1;q;a;390;194.304341538;202.927001905;173.373624061;173.373624061;260438;17595692;7203114
1;1;1;z;1;1;q;a;391;187.325322672;201.79645642;183.765929025;194.551466462;249666;17780476;7059580
1;1;1;z;1;1;q;a;392;196.846276938;204.832739896;185.479688493;187.221776048;287808;17550100;7351881
1;1;1;z;1;1;q;a;393;217.148571659;217.572651906;196.166515609;196.33047656;315537;16211093;8754179
1;1;1;z;1;1;q;a;394;247.153065441;247.271459407;217.052593408;217.052593408;334565;15323911;9721141
1;1;1;z;1;1;q;a;395;264.010023118;273.635619071;245.795286216;246.309988774;360933;15149259;9977729
1;1;1;z;1;1;q;a;396;243.764593413;266.526634031;228.492471509;262.694933283;321470;15534257;9667988
1;1;1;z;1;1;q;a;397;234.595229584;245.844395943;233.741146425;244.236792286;286082;15866612;9401582
1;1;1;z;1;1;q;a;398;261.292219263;263.208630629;233.846285583;233.846285583;280526;15208600;10104682
1;1;1;z;1;1;q;a;399;251.864416688;260.007311554;242.173342469;260.007311554;303784;15462041;9909133
1;1;1;z;1;1;q;a;400;255.215875873;261.536136935;248.365861412;252.467572248;325200;15353409;10072487
1;1;1;z;1;1;q;a;401;244.698911619;258.740106768;243.303680312;254.915403275;304000;15854156;9624936
1;1;1;z;1;1;q;a;402;245.98708954;247.525753932;233.809133007;243.766238407;308834;15786767;9759258
1;1;1;z;1;1;q;a;403;249.694050205;255.253092025;243.290637484;245.599176752;317732;15708642;9894470
1;1;1;z;1;1;q;a;404;251.72479506;257.356841526;249.088797751;249.839383867;292288;15605050;10057162
1;1;1;z;1;1;q;a;405;267.141883996;269.118543354;247.245385118;251.751689492;286289;15006938;10704887
1;1;1;z;1;1;q;a;406;272.590497231;278.416087351;265.61543668;267.74763246;340415;14914128;10870977
1;1;1;z;1;1;q;a;407;271.779066098;274.159946356;267.514385506;271.987762339;325007;14959500;10909082
1;1;1;z;1;1;q;a;408;269.424294887;273.605469664;263.173815949;271.267961098;328964;15153750;10809667
1;1;1;z;1;1;q;a;409;255.957574148;287.031856587;247.59148647;269.707514952;331147;15825561;10207311
1;1;1;z;1;1;q;a;410;268.08368852;268.248788406;249.82107405;256.01240349;354727;15334161;10784406
1;1;1;z;1;1;q;a;411;265.278693717;273.363895062;263.794030228;268.18171656;434042;15614118;10621644
1;1;1;z;1;1;q;a;412;270.452646949;272.741727086;265.041884517;265.271907259;406340;15161121;11219123
1;1;1;z;1;1;q;a;413;252.771650598;270.324750106;251.26219115;270.045936512;360611;16530893;9958810
1;1;1;z;1;1;q;a;414;241.075335035;252.350291709;236.322372312;252.350291709;324415;17245054;9302856
1;1;1;z;1;1;q;a;415;247.150339916;247.886185383;240.068889989;241.604127545;295236;16924343;9664691
1;1;1;z;1;1;q;a;416;249.460296747;249.732131775;238.629341544;246.950261381;337298;16743568;9898929
1;1;1;z;1;1;q;a;417;251.540526538;254.254406845;246.741674918;249.615807162;268897;16525582;10149250
1;1;1;z;1;1;q;a;418;245.636313387;252.224474457;243.468532135;251.07630524;249749;17143501;9562089
1;1;1;z;1;1;q;a;419;233.018834294;245.8459883;229.257431009;245.672507875;304530;17749795;8948245
1;1;1;z;1;1;q;a;420;247.262383405;247.604416179;229.46833097;232.693322171;289265;16882200;9828967
1;1;1;z;1;1;q;a;421;245.579735457;248.315229444;239.955522642;247.713352774;353491;16996616;9693052
1;1;1;z;1;1;q;a;422;260.322137124;260.322137124;244.530771028;246.04440412;448574;15817734;10743623
1;1;1;z;1;1;q;a;423;255.988814823;261.982865288;255.953872334;261.080358947;324614;16108721;10489214
1;1;1;z;1;1;q;a;424;264.424055267;265.371384942;254.470501634;256.142566431;313577;15553872;11072634
1;1;1;z;1;1;q;a;425;268.821898321;271.478631479;262.424895056;264.166907961;309419;15216354;11489704
1;1;1;z;1;1;q;a;426;269.55915494;278.129928737;265.801535857;269.006352404;416811;15210310;11474184
1;1;1;z;1;1;q;a;427;274.474551563;275.399318872;268.405508703;269.12137974;294631;14818000;11911660
1;1;1;z;1;1;q;a;428;265.028339971;274.228748479;263.245338605;274.228748479;311976;15850457;10935505
1;1;1;z;1;1;q;a;429;269.43949716;270.115058444;264.92273734;265.027268368;306246;15305845;11521110
1;1;1;z;1;1;q;a;430;271.765006637;273.929445368;265.545738406;269.366763115;284443;14992564;11879229
1;1;1;z;1;1;q;a;431;294.204101213;295.141212772;271.7853809;271.7853809;335925;13829218;13082201
1;1;1;z;1;1;q;a;432;310.091743918;314.622916658;294.893771738;295.166969982;320424;12902529;14062886
1;1;1;z;1;1;q;a;433;307.838026648;318.227830682;305.86320758;309.539900412;293196;13099922;13909825
1;1;1;z;1;1;q;a;434;310.1541002;311.936156296;299.954774692;307.666543711;321384;12965064;14100838
1;1;1;z;1;1;q;a;435;317.966676229;317.966676229;307.935557944;310.632819087;321003;12681985;14435538
1;1;1;z;1;1;q;a;436;336.865441841;361.398673042;315.995154351;317.889144455;354847;12245768;14918551
1;1;1;z;1;1;q;a;437;293.39693676;343.214465047;278.867378285;336.966765744;322803;14445381;12778160
1;1;1;z;1;1;q;a;438;310.477601859;313.031556623;293.086696171;294.604526272;298289;13153830;14116821
1;1;1;z;1;1;q;a;439;322.043557024;322.043557024;294.829553682;311.472900015;279809;12680246;14642170
1;1;1;z;1;1;q;a;440;291.537279728;322.77895765;291.359339615;318.70704233;257188;14806358;12557575
1;1;1;z;1;1;q;a;441;293.720991704;300.761192644;280.612221562;290.617941094;292532;14648383;12762104
1;1;1;z;1;1;q;a;442;291.48931763;295.655863867;272.656864095;293.50825469;347614;14767539;12642002
1;1;1;z;1;1;q;a;443;303.118237075;303.268125284;291.876126734;292.32026693;323873;13709923;13739982
1;1;1;z;1;1;q;a;444;284.419759824;303.756255844;283.0857819;303.290306883;316743;15416361;12067021
1;1;1;z;1;1;q;a;445;287.977912549;293.849243944;282.928697241;283.678713644;286125;15178290;12332958
1;1;1;z;1;1;q;a;446;287.50457021;295.991414758;286.851590209;287.397563771;268148;15258798;12283809
1;1;1;z;1;1;q;a;447;305.762739828;309.878427618;286.260519801;287.271440341;242878;13458878;14111282
1;1;1;z;1;1;q;a;448;313.155962663;314.207529804;303.840288411;306.334837652;297628;12876704;14730678
1;1;1;z;1;1;q;a;449;308.676663691;317.791178328;305.304994034;313.312074242;315248;13280619;14355043
1;1;1;z;1;1;q;a;450;290.08617397;312.951162702;285.644099317;308.614566238;302167;15203003;12473907
1;1;1;z;1;1;q;a;451;268.409199266;289.724687396;266.212354982;289.724687396;281037;16855050;10846899
1;1;1;z;1;1;q;a;452;276.238417002;278.689554917;268.013110154;268.758374948;298916;16061902;11684671
1;1;1;z;1;1;q;a;453;269.602418716;276.685236276;263.068267434;276.295689466;239712;16715645;11053839
1;1;1;z;1;1;q;a;454;228.207559806;269.626525465;228.207559806;269.329787463;251445;19470167;8332916
1;1;1;z;1;1;q;a;455;230.046370364;234.609197691;211.697128635;228.158640567;298680;19345636;8495316
1;1;1;z;1;1;q;a;456;199.511592732;234.491930635;197.583859613;230.151635696;240463;21264359;6611495
1;1;1;z;1;1;q;a;457;211.513291556;217.794325096;194.567677079;199.334969525;283917;20303112;7604797
1;1;1;z;1;1;q;a;458;226.544170564;228.992876838;208.081265408;211.420099183;271457;19453770;8493539
1;1;1;z;1;1;q;a;459;221.229610426;226.940481758;215.838243218;226.940481758;269622;19811499;8153518
1;1;1;z;1;1;q;a;460;228.964925795;234.051588361;221.210533925;222.760785956;238478;19263668;8731960
1;1;1;z;1;1;q;a;461;225.701062015;229.847412517;219.191450133;228.62449358;216218;19519473;8498953
1;1;1;z;1;1;q;a;462;217.56327561;226.750522701;213.448377793;226.021342653;275572;20139871;7914027
1;1;1;z;1;1;q;a;463;212.784438449;218.319612979;209.745233961;217.327065571;240223;20390449;7702032
1;1;1;z;1;1;q;a;464;217.167579978;217.535432639;203.975120178;212.695381853;227754;20103396;8021610
1;1;1;z;1;1;q;a;465;219.689534556;224.120162168;216.240007273;216.471863038;232158;19975416;8183136
1;1;1;z;1;1;q;a;466;219.698711164;220.189353948;214.159612932;219.676899917;257163;19941541;8248385
1;1;1;z;1;1;q;a;467;207.23111882;223.517262182;205.054503179;219.484598577;241353;20984304;7243858
1;1;1;z;1;1;q;a;468;211.003912498;211.917151434;202.921907656;207.764935709;239653;20597230;7670779
1;1;1;z;1;1;q;a;469;211.22528386;213.909331598;208.867929407;211.330924932;266045;20581022;7722096
1;1;1;z;1;1;q;a;470;210.455524789;213.540822223;206.951480192;211.550843566;301639;20639770;7683880
1;1;1;z;1;1;q;a;471;218.654145766;218.654145766;210.505904863;210.505904863;260057;19908047;8458280
1;1;1;z;1;1;q;a;472;217.808443355;218.630322778;212.914499835;218.541543351;246724;19966409;8439152
1;1;1;z;1;1;q;a;473;217.871561739;221.977423025;215.975823263;218.011863653;268489;19993610;8450303
1;1;1;z;1;1;q;a;474;222.490335375;224.547517102;217.371622055;217.979193464;225870;19633192;8859094
1;1;1;z;1;1;q;a;475;222.66972669;223.855078297;218.492178064;222.70655751;238818;19601825;8944823
1;1;1;z;1;1;q;a;476;234.215027081;235.421189351;222.727159981;222.727159981;301906;18720503;9853998
1;1;1;z;1;1;q;a;477;226.020649952;238.46656196;223.674274548;233.933135203;313651;19369258;9253818
1;1;1;z;1;1;q;a;478;226.391007833;229.656576639;222.775448151;225.859876254;280128;19350097;9317415
1;1;1;z;1;1;q;a;479;220.941859044;226.774713498;216.537702316;226.538055484;275012;20078597;8632967
1;1;1;z;1;1;q;a;480;210.48891334;221.322376737;208.341497132;220.981915307;289600;21132551;7603713
1;1;1;z;1;1;q;a;481;206.733534292;213.622083199;204.011901589;211.10926444;270473;21611622;7164091
1;1;1;z;1;1;q;a;482;216.092871768;216.298826061;206.510806411;206.510806411;240569;20484875;8324072
1;1;1;z;1;1;q;a;483;211.288063961;215.682942875;210.957759755;215.682942875;298162;21073535;7756816
1;1;1;z;1;1;q;a;484;208.603990803;211.248596143;205.422496818;211.182209175;285784;21502976;7390393
1;1;1;z;1;1;q;a;485;186.683509034;208.968144157;186.470163743;208.580856025;285729;22914596;6021472
1;1;1;z;1;1;q;a;486;188.644251454;189.462154165;178.359845202;187.947572268;262362;22825931;6150025
1;1;1;z;1;1;q;a;487;185.531660166;188.905599193;181.847765649;188.526790304;295864;22890765;6108320
1;1;1;z;1;1;q;a;488;185.841101073;186.647749441;182.672369719;185.767727178;254892;22852079;6179081
1;1;1;z;1;1;q;a;489;194.556030003;197.39448522;183.799293388;186.547567016;242602;22538950;6521390
1;1;1;z;1;1;q;a;490;202.813142758;203.499864946;193.108249108;194.522892821;273077;21922011;7179826
1;1;1;z;1;1;q;a;491;196.621696337;203.015987478;195.621776086;203.015987478;286604;22554781;6599554
1;1;1;z;1;1;q;a;492;186.941237586;196.997753457;182.728867583;196.617378051;292065;22968075;6244963
1;1;1;z;1;1;q;a;493;191.106870651;194.227745332;183.456302111;188.581532766;282136;22745160;6515787
1;1;1;z;1;1;q;a;494;194.671637602;195.804567069;189.671882578;190.292615804;292250;22587693;6725649
1;1;1;z;1;1;q;a;495;191.234781691;194.442431909;187.68637563;194.442431909;267433;22801442;6558598
1;1;1;z;1;1;q;a;496;186.73555531;191.981066465;185.108565463;190.950229361;258886;23157020;6245290
1;1;1;z;1;1;q;a;497;188.950058002;193.442190135;186.906585821;187.002183438;286483;23037827;6411897
1;1;1;z;1;1;q;a;498;187.495500936;188.918799664;185.534459801;188.918799664;289409;23163145;6325748
1;1;1;z;1;1;q;a;499;173.958692454;187.921049286;172.652774627;187.420680594;278235;24002553;5533458
1;1;1;z;1;1;q;a;500;169.489281525;173.996396867;167.243647969;173.859639559;284006;24425160;5153564
1;1;1;z;1;1;q;a;501;168.887899484;170.668058039;167.071417764;169.715161902;271360;24490348;5122496
1;1;1;z;1;1;q;a;502;172.458407973;174.256981831;167.86250491;168.915328897;257806;24055928;5594030
1;1;1;z;1;1;q;a;503;171.697601256;173.629229635;169.655969976;172.601321474;248057;24135192;5546511
1;1;1;z;1;1;q;a;504;178.357750076;180.052596904;170.804659911;172.055831639;291287;23539441;6175338
1;1;1;z;1;1;q;a;505;179.491989042;182.25371716;176.205024649;178.524468674;282766;23492162;6262855
1;1;1;z;1;1;q;a;506;175.966277315;179.954814446;175.387381096;179.06325472;277368;23803598;5981698
1;1;1;z;1;1;q;a;507;174.172218831;176.105412076;171.746826263;175.676748807;307606;23934650;5881128
1;1;1;z;1;1;q;a;508;169.955274874;177.655272649;168.377125942;174.125468348;299772;24583949;5275350
1;1;1;z;1;1;q;a;509;178.282587325;180.719341324;169.474796842;170.171525294;267753;23499893;6396760
1;1;1;z;1;1;q;a;510;181.362484764;182.951911091;178.602476785;178.602476785;264024;23317160;6617010
1;1;1;z;1;1;q;a;511;181.212841424;184.028842172;177.49712057;181.307501844;301253;23338530;6637857
1;1;1;z;1;1;q;a;512;179.839500008;183.820291796;178.159883384;181.188030779;281554;23529100;6482957
1;1;1;z;1;1;q;a;513;178.803768356;181.737743686;176.690886957;179.715690902;283969;23653229;6399711
1;1;1;z;1;1;q;a;514;180.975581433;181.879083185;177.911965995;179.031767469;286123;23351033;6742087
1;1;1;z;1;1;q;a;515;181.321574158;181.457048743;178.653931081;181.145897995;253073;23308505;6819201
1;1;1;z;1;1;q;a;516;188.068433417;188.263204917;180.372201434;181.289773886;254012;22720944;7439128
1;1;1;z;1;1;q;a;517;189.689334763;190.362101661;186.52298021;188.57777012;261175;22571609;7622180
1;1;1;z;1;1;q;a;518;197.114754867;198.140443775;190.091814871;190.091814871;294845;22050989;8181778
1;1;1;z;1;1;q;a;519;208.050603082;213.731949505;196.766354945;197.322350152;280143;20934612;9333962
1;1;1;z;1;1;q;a;520;211.247234001;216.641477008;208.519392345;208.790989218;284811;20524167;9779689
1;1;1;z;1;1;q;a;521;221.069630368;222.681231688;204.918425013;210.643274972;274026;19461185;10865788
1;1;1;z;1;1;q;a;522;217.89737946;221.427737338;215.159640868;221.427737338;288778;19786208;10581781
1;1;1;z;1;1;q;a;523;215.486560186;220.890801072;215.11031782;218.23231075;228626;20117532;10285602
1;1;1;z;1;1;q;a;524;211.71320384;215.683498905;207.694476686;215.683498905;216587;20608240;9824969
1;1;1;z;1;1;q;a;525;201.842085557;211.543019973;201.842085557;211.543019973;231699;21980240;8485024
1;1;1;z;1;1;q;a;526;168.133570556;203.441420912;163.961014971;201.710285051;269909;25524600;4987832
1;1;1;z;1;1;q;a;527;170.756919315;174.719774385;165.037043503;168.08051556;253504;25149532;5407932
1;1;1;z;1;1;q;a;528;166.651699935;171.465730323;157.131897674;170.677451793;245498;25683688;4908363
1;1;1;z;1;1;q;a;529;174.680832614;175.319956413;163.222129194;166.784462768;242179;24547978;6077886
1;1;1;z;1;1;q;a;530;174.612745399;175.59074139;170.802723791;175.007823755;234169;24564746;6089471
1;1;1;z;1;1;q;a;531;170.461352821;175.067097157;167.083803826;174.883695598;209021;25212734;5475299
1;1;1;z;1;1;q;a;532;180.209117089;180.209117089;167.077555682;170.671375963;248497;23857295;6866483
1;1;1;z;1;1;q;a;533;177.224053284;185.045535125;175.904537958;180.665689481;252220;24312288;6444434
1;1;1;z;1;1;q;a;534;180.703709132;180.726312351;175.49647418;177.154378977;249606;23761875;7012768
1;1;1;z;1;1;q;a;535;175.238429153;180.524062949;172.879083338;180.524062949;220089;24579102;6224798
1;1;1;z;1;1;q;a;536;176.946323748;178.483488451;173.639213322;175.214481543;216137;24359374;6473135
1;1;1;z;1;1;q;a;537;176.364384214;177.532459074;173.111878168;176.554272306;227331;24448264;6414788
1;1;1;z;1;1;q;a;538;172.940341536;177.224017132;171.349057746;176.547957106;216643;25057668;5834681
1;1;1;z;1;1;q;a;539;181.11335695;182.265535282;171.592316599;172.848507487;234315;23650156;7283069
1;1;1;z;1;1;q;a;540;182.036297684;184.250213158;179.275847757;181.329219649;251807;23572013;7403870
1;1;1;z;1;1;q;a;541;193.191075753;194.213869044;180.689994072;182.097678557;278317;22533612;8484621
1;1;1;z;1;1;q;a;542;191.846811475;193.844840019;188.306469417;193.387668697;264966;22668164;8386522
1;1;1;z;1;1;q;a;543;182.604288023;195.093124051;181.805133366;191.801074478;264451;23695860;7390033
1;1;1;z;1;1;q;a;544;181.056447081;186.236811571;179.984837776;182.53403369;233729;23920475;7201187
1;1;1;z;1;1;q;a;545;182.083495916;185.075920005;180.403744417;180.861314449;212575;23823772;7332759
1;1;1;z;1;1;q;a;546;186.872588512;187.175531347;181.662271832;182.028471088;239115;23199062;7995319
1;1;1;z;1;1;q;a;547;181.471916383;187.73416601;179.515403817;186.977054117;252269;23992661;7248332
1;1;1;z;1;1;q;a;548;176.362785971;181.467761604;174.364723965;181.343735143;243295;24880294;6400874
1;1;1;z;1;1;q;a;549;178.071425435;178.830842148;174.623372756;175.906894241;241524;24578768;6748307
1;1;1;z;1;1;q;a;550;173.541724812;178.055272385;171.264208423;177.988549774;267980;25448915;5940510
1;1;1;z;1;1;q;a;551;172.860830719;175.552392358;172.287488727;173.649451982;239444;25624328;5809048
1;1;1;z;1;1;q;a;552;175.410043647;176.692695616;171.307033208;172.974754539;219298;25014285;6450621
1;1;1;z;1;1;q;a;553;174.852357791;177.725383778;173.36642854;175.524753686;244554;25175674;6332758
1;1;1;z;1;1;q;a;554;172.303522145;175.627616466;172.274345133;174.905063725;249352;25861855;5685028
1;1;1;z;1;1;q;a;555;162.143422884;172.387397952;157.729706816;172.262803118;243501;27144809;4439746
1;1;1;z;1;1;q;a;556;162.217619287;163.922531405;160.959699777;162.514108625;242502;27145255;4477797
1;1;1;z;1;1;q;a;557;181.337652418;182.843152134;162.006548352;162.189716575;252176;23821681;7826555
1;1;1;z;1;1;q;a;558;179.917880732;195.496352419;176.133801571;181.667064713;250673;24153108;7526372
1;1;1;z;1;1;q;a;559;184.530714606;188.077452043;177.804753781;179.932637268;222839;23417823;8293644
1;1;1;z;1;1;q;a;560;183.120816778;187.676910582;180.652974863;184.397511597;253589;23657334;8086157
1;1;1;z;1;1;q;a;561;190.250187996;191.846761455;182.422024097;182.670386019;251485;22683919;9095046
1;1;1;z;1;1;q;a;562;184.744717566;191.072909493;181.550917502;190.336390704;249354;23470814;8346475
1;1;1;z;1;1;q;a;563;183.877280297;186.249168219;180.125404608;184.797621023;247514;23645935;8208337
1;1;1;z;1;1;q;a;564;184.004118254;185.059713079;181.191264686;183.803690756;246824;23605654;8273563
1;1;1;z;1;1;q;a;565;183.883702306;185.527089149;182.85455741;184.018152481;215337;23651833;8255992
1;1;1;z;1;1;q;a;566;182.359857834;185.023278682;179.902481276;183.994825124;207310;24022810;7912111
1;1;1;z;1;1;q;a;567;186.302107244;188.012647246;181.87630362;182.319031206;237572;23185698;8777802
1;1;1;z;1;1;q;a;568;189.646986416;191.154634815;184.359168168;186.309310325;270087;22734482;9263735
1;1;1;z;1;1;q;a;569;191.601674658;193.322948123;188.717271931;189.11349691;248491;22513404;9526743
1;1;1;z;1;1;q;a;570;188.063813072;191.781159165;186.627403066;191.504306508;319133;23034099;9058182
1;1;1;z;1;1;q;a;571;184.342278048;188.737708188;182.594144259;187.924264977;252226;23806737;8322092
1;1;1;z;1;1;q;a;572;184.995862553;185.838538565;183.979914573;184.311722495;210571;23654132;8503644
1;1;1;z;1;1;q;a;573;189.506018916;190.806958629;184.72329578;184.943355818;233455;22810491;9381788
1;1;1;z;1;1;q;a;574;185.467192469;190.279359372;185.086316684;189.502924735;263093;23657696;8582456
1;1;1;z;1;1;q;a;575;186.806669492;187.881765656;184.286670899;185.564841787;264436;23313312;8964201
1;1;1;z;1;1;q;a;576;188.270737414;189.299262087;186.019946757;186.942441671;257597;22983663;9339875
1;1;1;z;1;1;q;a;577;186.030890359;188.618301689;185.034568706;188.27250908;247864;23674294;8693424
1;1;1;z;1;1;q;a;578;180.481435003;186.114047906;179.489516721;186.058166051;238333;24974655;7425810
1;1;1;z;1;1;q;a;579;183.345429803;184.128719358;179.98567849;180.49910079;212615;24361328;8070536
1;1;1;z;1;1;q;a;580;185.076448697;188.050254975;182.411272867;183.350825286;222421;23872871;8590456
1;1;1;z;1;1;q;a;581;180.590707251;186.856035324;179.178346771;185.041461746;247940;25052301;7449187
1;1;1;z;1;1;q;a;582;177.409965005;182.448508377;175.213076111;180.502463972;247565;25683729;6860585
1;1;1;z;1;1;q;a;583;175.725765575;178.951717543;175.394037006;177.557209475;237369;26030048;6540678
1;1;1;z;1;1;q;a;584;161.468648087;176.209206597;159.365129955;175.648827354;266391;28256108;4360110
1;1;1;z;1;1;q;a;585;150.417251571;163.003045067;142.713970453;161.50174154;279828;28853387;3786405
1;1;1;z;1;1;q;a;586;153.370203317;153.862742185;147.605961401;150.246139377;216685;28695565;3973392
1;1;1;z;1;1;q;a;587;143.64622225;153.965918032;143.64622225;153.430896139;198040;29172024;3523291
1;1;1;z;1;1;q;a;588;146.484395085;150.20796929;133.854212977;142.911086573;249731;29075460;3657336
1;1;1;z;1;1;q;a;589;149.021107438;149.685119889;145.352537399;146.257733413;225909;28897521;3861473
1;1;1;z;1;1;q;a;590;153.10251769;154.715568634;143.572870663;148.353948351;218194;28631640;4160170
1;1;1;z;1;1;q;a;591;151.619062919;156.61359186;151.091123923;152.983813367;216662;28766275;4055923
1;1;1;z;1;1;q;a;592;155.238607864;156.848408706;151.604515554;151.673840366;240140;28486034;4353345
1;1;1;z;1;1;q;a;593;152.518148003;156.637761912;151.226845212;155.30481145;202491;28748391;4116515
1;1;1;z;1;1;q;a;594;151.21880949;152.476449002;147.165106232;152.476449002;213221;28835318;4070672
1;1;1;z;1;1;q;a;595;149.096359064;152.09657483;147.632833758;151.224944903;256251;29013861;3931728
1;1;1;z;1;1;q;a;596;148.046942632;150.310425447;146.039612016;149.056512881;224906;29184803;3799940
1;1;1;z;1;1;q;a;597;146.726540709;150.5426411;145.108750024;147.918388348;227906;29325461;3692387
1;1;1;z;1;1;q;a;598;149.29013001;152.624015678;145.600929584;146.576269645;227601;28963533;4081200
1;1;1;z;1;1;q;a;599;149.065628679;149.670523552;147.658951761;149.400150552;216599;28989719;4085026
1;1;1;z;1;1;q;a;600;148.774303044;149.757402002;148.407480932;149.27240141;182090;29076708;4020226
1;1;1;z;1;1;q;a;601;151.325352635;152.338353826;148.341677846;148.715697139;168607;28717195;4398711
1;1;1;z;1;1;q;a;602;148.286043828;151.899466837;147.626724452;151.273022019;241564;29240788;3912372
1;1;1;z;1;1;q;a;603;146.194778851;148.487637369;144.987985085;148.165748876;225919;29520195;3667039
1;1;1;z;1;1;q;a;604;143.624785892;147.097709133;143.045365027;146.30429302;225616;29665553;3548147
1;1;1;z;1;1;q;a;605;145.571027071;145.681743295;141.541617553;143.638828799;216982;29564768;3749768
1;1;1;z;1;1;q;a;606;144.931356412;145.85710645;143.805102494;145.675057785;219870;29674492;3764069
1;1;1;z;1;1;q;a;607;142.865000022;145.529079348;142.434559895;144.929567707;190180;30058782;3515473
1;1;1;z;1;1;q;a;608;143.087686866;143.87975947;140.007671911;142.829137302;193070;30047523;3650826
1;1;1;z;1;1;q;a;609;133.736848711;143.162212974;132.551334419;143.125813939;227218;31333797;2446370
1;1;1;z;1;1;q;a;610;121.87711509;133.800860097;121.395078124;133.698087788;217347;32048496;1788586
1;1;1;z;1;1;q;a;611;132.889674687;133.244592379;119.786811136;121.866714412;231445;31408458;2491782
1;1;1;z;1;1;q;a;612;129.339643454;134.033310929;125.993617654;133.089521726;220025;31569720;2385668
1;1;1;z;1;1;q;a;613;129.117422858;129.724793818;127.725032926;129.430462088;217504;31592489;2433612
1;1;1;z;1;1;q;a;614;128.104759973;129.132855021;127.858987784;129.081772598;198017;31829184;2307310
1;1;1;z;1;1;q;a;615;132.438041341;133.140206726;127.928485872;128.128497839;185181;31385069;2864714
1;1;1;z;1;1;q;a;616;128.607145015;134.731755034;127.579048416;132.357668965;219213;31823835;2491993
1;1;1;z;1;1;q;a;617;128.953188461;131.074413919;127.430086125;128.585655152;202295;31817052;2594576
1;1;1;z;1;1;q;a;618;126.655141402;128.962524678;125.031767908;128.962524678;193762;32279508;2243882
1;1;1;z;1;1;q;a;619;126.396280778;130.898351138;125.437594178;126.55885682;208066;32341494;2282969
1;1;1;z;1;1;q;a;620;127.299775325;128.091037052;124.820811411;126.418972772;202000;32198235;2453083
1;1;1;z;1;1;q;a;621;128.331605522;130.254601827;126.930622433;127.240954836;186308;31936382;2730109
1;1;1;z;1;1;q;a;622;134.68619526;136.729199302;128.032406141;128.281127694;173154;31003705;3679555
1;1;1;z;1;1;q;a;623;132.680650164;136.75735672;131.632127814;134.761942563;218531;31330269;3363913
1;1;1;z;1;1;q;a;624;129.620485266;133.596183394;128.803548663;132.57883878;192465;31694858;3025248
1;1;1;z;1;1;q;a;625;130.656490958;132.750990214;129.242671556;129.539015589;158039;31541624;3195595
1;1;1;z;1;1;q;a;626;127.42471839;130.813015431;127.041293655;130.813015431;174751;32321097;2435184
1;1;1;z;1;1;q;a;627;134.157550565;134.447924951;126.588178749;127.387597851;209314;31023411;3759693
1;1;1;z;1;1;q;a;628;135.084416539;135.543149439;133.066611215;134.217428591;198434;30895184;3914536
1;1;1;z;1;1;q;a;629;136.244924857;139.322272708;135.045629195;135.045629195;188242;30799824;4029677
1;1;1;z;1;1;q;a;630;144.177875525;144.303642152;136.132367105;136.305609215;220084;29449678;5399310
1;1;1;z;1;1;q;a;631;143.700847337;144.93142924;140.51228644;144.36485021;222686;29502491;5364185
1;1;1;z;1;1;q;a;632;141.397891359;146.627156142;138.309827208;143.448890466;231972;30018403;4861195
1;1;1;z;1;1;q;a;633;138.945096491;141.321918865;136.361327326;141.012090076;229864;30412897;4484405
1;1;1;z;1;1;q;a;634;143.963781218;143.963781218;135.598497528;138.824884196;212376;29442773;5475954
1;1;1;z;1;1;q;a;635;142.962436783;146.430232067;142.31019708;143.293753096;195503;29714342;5226774
1;1;1;z;1;1;q;a;636;145.723579189;146.097653694;142.70764568;142.857925245;179478;29065035;5893445
1;1;1;z;1;1;q;a;637;144.407381631;146.628347163;142.978999973;146.424162394;210234;29402152;5589472
1;1;1;z;1;1;q;a;638;165.955358611;167.577381698;144.161903451;144.161903451;243662;26943740;8060420
1;1;1;z;1;1;q;a;639;166.230685102;170.209569594;161.109620478;165.238219269;251197;26918541;8119209
1;1;1;z;1;1;q;a;640;164.391010988;166.940717688;159.790647769;166.43258123;259840;27142647;7924857
1;1;1;z;1;1;q;a;641;170.77995796;172.994437722;162.823763511;164.538404113;233997;26276227;8819768
1;1;1;z;1;1;q;a;642;175.36567147;178.528782319;167.109557123;170.136485227;224459;25310297;9807367
1;1;1;z;1;1;q;a;643;166.969841975;177.236915784;164.008362669;175.344807219;216565;26927534;8211175
1;1;1;z;1;1;q;a;644;167.120509335;169.11487959;162.38217819;167.021398091;214994;26904144;8250494
1;1;1;z;1;1;q;a;645;169.69716391;169.872783076;165.892724426;166.937510335;212778;26493843;8674039
1;1;1;z;1;1;q;a;646;168.294161709;170.941688428;166.818197166;169.804982712;195327;26778439;8410874
1;1;1;z;1;1;q;a;647;162.928558428;168.226860963;160.319511885;168.226860963;215879;27621924;7576996
1;1;1;z;1;1;q;a;648;163.051182861;164.293697152;156.75077387;162.950239064;175548;27586478;7623128
1;1;1;z;1;1;q;a;649;161.283936353;163.138512905;158.766182348;162.883253419;169319;27858119;7374519
1;1;1;z;1;1;q;a;650;168.077100489;168.220317249;160.281126809;160.949274369;151943;26764792;8483348
1;1;1;z;1;1;q;a;651;170.930890433;172.80176573;166.974588292;168.144441599;184006;26232126;9035540
1;1;1;z;1;1;q;a;652;176.370320541;176.370320541;170.93983847;170.93983847;190032;25059818;10220599
1;1;1;z;1;1;q;a;653;175.050337929;178.769006608;175.050337929;176.538583501;198091;25388402;9911659
1;1;1;z;1;1;q;a;654;184.690476436;186.225289413;172.475504511;174.510672751;196317;23376561;11945379
1;1;1;z;1;1;q;a;655;180.160175239;185.405842386;176.29681703;184.763770717;199320;24364238;10980961
1;1;1;z;1;1;q;a;656;183.673947121;183.787146173;179.745185298;179.745185298;188582;23632097;11738305
1;1;1;z;1;1;q;a;657;188.617538168;193.059227365;180.173943963;183.553571952;187975;22509909;12883855
1;1;1;z;1;1;q;a;658;189.865063235;193.351894996;188.142581062;188.257342943;235763;22363208;13050908
1;1;1;z;1;1;q;a;659;189.250602393;191.111489369;185.45156798;190.066089643;202067;22455812;12981267
1;1;1;z;1;1;q;a;660;204.230244698;206.804001224;188.878045247;189.298349758;232299;20917892;14548269
1;1;1;z;1;1;q;a;661;212.339079745;214.48965262;202.296028363;204.290205335;232694;19823115;15672104
1;1;1;z;1;1;q;a;662;222.646891362;222.994781771;212.743882663;212.743882663;241046;18784861;16749377
1;1;1;z;1;1;q;a;663;223.420914339;226.588093396;215.468787418;222.44189456;252688;18725793;16842378
1;1;1;z;1;1;q;a;664;228.581554543;229.816723637;223.08088962;223.08088962;254846;18213030;17384111
1;1;1;z;1;1;q;a;665;223.603515212;229.085473448;218.080052078;228.561879491;247622;18784298;16847927
1;1;1;z;1;1;q;a;666;235.902957262;236.547127792;218.741419205;223.28712863;267073;17776015;17885992
1;1;1;z;1;1;q;a;667;265.061723272;272.398840133;235.896275162;235.896275162;317429;16132863;19572183
1;1;1;z;1;1;q;a;668;267.869691093;273.514231138;259.230055435;265.393796984;292883;15904114;19842621
1;1;1;z;1;1;q;a;669;284.703924253;284.703924253;262.78402875;267.893510641;271863;14633550;21134588
1;1;1;z;1;1;q;a;670;264.340641311;286.899906382;264.340641311;284.507358032;260384;16338848;19445867
1;1;1;z;1;1;q;a;671;260.918530034;272.701470391;245.564823014;264.936116366;243737;16574698;19221206
1;1;1;z;1;1;q;a;672;266.619211391;266.619211391;244.722955561;259.258084323;259780;16134287;19669383
1;1;1;z;1;1;q;a;673;281.724888308;283.041445847;261.968177782;266.70431425;273431;14778510;21043105
1;1;1;z;1;1;q;a;674;260.674851877;283.537934246;260.383121037;282.062492032;254437;16692344;19150717
1;1;1;z;1;1;q;a;675;258.38825168;263.695400951;250.951261799;259.774745385;251714;16827995;19034560
1;1;1;z;1;1;q;a;676;265.633940255;267.004846018;255.697444976;258.019270383;259119;16273514;19603334
1;1;1;z;1;1;q;a;677;262.136644236;266.233718146;259.026040216;265.488804095;251003;16577464;19307744
1;1;1;z;1;1;q;a;678;273.455840602;273.455840602;262.179454144;262.303189231;263038;15193961;20718924
1;1;1;z;1;1;q;a;679;265.089250669;275.355585577;259.935781388;273.784563575;269304;16393612;19550790
1;1;1;z;1;1;q;a;680;248.666830569;265.128035975;247.523297124;265.128035975;243760;17755208;18223730
1;1;1;z;1;1;q;a;681;226.048925827;249.439503164;221.26655528;247.791782034;253226;19232668;16781078
1;1;1;z;1;1;q;a;682;225.61445735;236.800056726;212.815493783;225.322395978;262982;19316261;16716599
1;1;1;z;1;1;q;a;683;227.068366954;233.747668861;216.346202543;227.435596271;254412;19132048;16945179
1;1;1;z;1;1;q;a;684;220.138679118;232.204361177;220.138679118;226.509706671;229653;20082030;16014828
1;1;1;z;1;1;q;a;685;218.769824028;226.414276872;214.148163082;219.326361806;224898;20266035;15871209
1;1;1;z;1;1;q;a;686;230.510890718;232.765541384;217.400401402;218.587394416;261199;18748973;17411936
1;1;1;z;1;1;q;a;687;224.546845236;232.085828927;221.732660902;230.588790604;232483;19546450;16648606
1;1;1;z;1;1;q;a;688;224.292407491;227.99488644;222.138589935;224.494760505;245531;19598977;16625984
1;1;1;z;1;1;q;a;689;228.729938314;234.159886049;224.743198836;224.743198836;268443;18984600;17278089
1;1;1;z;1;1;q;a;690;243.230273156;243.368676287;228.905909231;229.398139773;246921;17979291;18318237
1;1;1;z;1;1;q;a;691;237.710503246;249.978491516;237.710503246;243.814922607;229749;18377620;17951216
1;1;1;z;1;1;q;a;692;201.812520995;237.640156757;200.602989381;237.640156757;224630;22696593;13661986
1;1;1;z;1;1;q;a;693;201.194115469;207.382313703;192.269899128;201.487931609;263200;22751554;13636407
1;1;1;z;1;1;q;a;694;200.976627548;205.714251565;198.233946408;202.746278781;251075;22793832;13628923
1;1;1;z;1;1;q;a;695;194.813816901;202.907995421;184.498415779;200.848147468;247064;23483332;12971417
1;1;1;z;1;1;q;a;696;111.210712286;195.081680364;111.210712286;194.775687508;249261;35294779;1188732
1;1;1;z;1;1;q;a;697;132.932970542;137.429536226;95.1843005183;112.647002965;288381;33171878;3355757
1;1;1;z;1;1;q;a;698;123.414366063;134.465174138;122.572674426;133.96488943;247489;34632690;1924458
1;1;1;z;1;1;q;a;699;125.219443993;131.975657728;121.873038606;123.212766993;230493;34480080;2105418
1;1;1;z;1;1;q;a;700;110.588265097;124.949008247;105.171442924;124.949008247;270925;35418831;1199957
1;1;1;z;1;1;q;a;701;114.150279052;118.70325918;110.705409068;110.872215126;271955;35289715;1369468
1;1;1;z;1;1;q;a;702;114.528519025;116.021622003;111.830396148;113.448513985;301347;35241601;1456216
1;1;1;z;1;1;q;a;703;136.785593182;140.459329827;114.732866412;114.732866412;361267;32424827;4316886
1;1;1;z;1;1;q;a;704;132.077162761;150.615885776;123.385109019;136.357512867;327059;33180594;3607556
1;1;1;z;1;1;q;a;705;132.586948647;135.711680151;127.579888513;133.150166704;389114;33121020;3733657
1;1;1;z;1;1;q;a;706;123.307074414;136.076116204;122.960404396;132.803756909;294502;34756998;2151895
1;1;1;z;1;1;q;a;707;134.591070534;134.591070534;121.967084762;123.434028538;314975;32699065;4266504
1;1;1;z;1;1;q;a;708;138.768074002;141.847996286;133.183551219;135.118205704;307960;31997400;5004033
1;1;1;z;1;1;q;a;709;136.09152113;141.26834539;134.409459648;138.764953502;283836;32567765;4461254
1;1;1;z;1;1;q;a;710;138.377415226;138.830572735;134.921175809;136.31822763;294083;32022001;5018786
1;1;1;z;1;1;q;a;711;134.052962568;139.902697099;134.052962568;138.413980289;295685;32950237;4103245
1;1;1;z;1;1;q;a;712;131.016170886;134.005732248;126.99952162;134.005732248;242021;33449160;3629380
1;1;1;z;1;1;q;a;713;125.72725898;130.980717025;125.548820701;130.907737573;224204;34690505;2408535
1;1;1;z;1;1;q;a;714;133.05521432;133.814364099;125.34031302;125.515110135;267567;33088894;4050172
1;1;1;z;1;1;q;a;715;133.756588602;134.172100364;131.719298172;132.783783385;255479;32889197;4299490
1;1;1;z;1;1;q;a;716;135.000948255;135.505210938;129.742193126;133.595067719;247865;32658125;4568212
1;1;1;z;1;1;q;a;717;141.642001008;146.763180744;135.778843874;135.778843874;262948;31351972;5916875
1;1;1;z;1;1;q;a;718;141.957366948;146.690337576;140.001507559;142.11045061;266696;31344198;5971184
1;1;1;z;1;1;q;a;719;145.377306567;145.377306567;140.151078772;142.215184398;230773;30512006;6842904
1;1;1;z;1;1;q;a;720;143.628661781;146.128521099;142.255349382;145.261015263;223323;30963964;6428933
1;1;1;z;1;1;q;a;721;168.81916137;168.81916137;143.583849214;143.608209519;287360;27779626;9673621
1;1;1;z;1;1;q;a;722;165.285948188;175.13075836;164.405738444;169.147453326;275348;28346078;9149465
1;1;1;z;1;1;q;a;723;172.696585994;173.101221475;164.528245882;165.017906908;341429;27049557;10413192
1;1;1;z;1;1;q;a;724;170.862725923;172.882038914;168.147192368;172.734577797;273927;27451592;10047930
1;1;1;z;1;1;q;a;725;158.338614114;170.849644624;154.986549353;170.745775999;268633;29407102;8129545
1;1;1;z;1;1;q;a;726;157.995632669;161.023190272;155.358692805;158.558630986;248404;29450343;8115436
1;1;1;z;1;1;q;a;727;161.259848185;164.468659839;156.320508571;158.237699158;260341;29077749;8512580
1;1;1;z;1;1;q;a;728;156.323443237;160.38173708;151.614491183;160.38173708;285951;29625850;7990332
1;1;1;z;1;1;q;a;729;157.46124841;160.944273391;155.986505992;156.67141974;326006;29529049;8117280
1;1;1;z;1;1;q;a;730;153.273393849;160.711126485;153.089915562;157.392097184;299330;30066177;7620681
1;1;1;z;1;1;q;a;731;172.04018088;172.909061599;150.482280103;153.156369013;281971;27112057;10620961
1;1;1;z;1;1;q;a;732;171.565585846;174.210737971;169.842648491;172.300104;303203;27221320;10560033
1;1;1;z;1;1;q;a;733;186.751201783;187.712450852;171.843352336;171.873968474;308485;23938783;13895119
1;1;1;z;1;1;q;a;734;181.527161869;188.076707123;180.120819808;186.962607412;290892;25203655;12674177
1;1;1;z;1;1;q;a;735;171.945560386;186.083543156;170.321271485;181.455692357;317088;27396488;10540539
1;1;1;z;1;1;q;a;736;172.601524499;175.063043862;170.696215487;171.974981974;307535;27274357;10726060
1;1;1;z;1;1;q;a;737;182.578883228;183.690770287;171.947192743;172.652559014;299785;25000895;13066450
1;1;1;z;1;1;q;a;738;184.949545753;188.934313705;180.340651649;182.950246276;324012;24418183;13719841
1;1;1;z;1;1;q;a;739;189.306109341;190.192391413;185.453709294;185.453709294;332408;23477734;14724765
1;1;1;z;1;1;q;a;740;195.453161642;196.639017196;188.53850181;189.116374584;300984;22808573;15454514
1;1;1;z;1;1;q;a;741;197.327898074;199.163034903;194.821837344;195.218436865;297998;22611316;15712814
1;1;1;z;1;1;q;a;742;197.250485447;199.552798089;193.458877619;197.654529888;320195;22646487;15745626
1;1;1;z;1;1;q;a;743;198.415382994;198.712142663;194.944222877;197.157485404;320857;22455406;16001015
1;1;1;z;1;1;q;a;744;216.968223855;218.175757843;198.171026218;198.471673899;343693;20174796;18355076
1;1;1;z;1;1;q;a;745;207.408224605;227.447796787;206.879071315;216.204912405;338398;21617485;16980189
1;1;1;z;1;1;q;a;746;214.068067806;217.589259808;208.303951987;208.303951987;326542;20538478;18113861
1;1;1;z;1;1;q;a;747;215.340632944;215.767410268;212.940878957;214.014922731;312607;20387835;18297692
1;1;1;z;1;1;q;a;748;210.983229067;219.270867579;208.894251085;215.217349554;328980;21219135;17480654
1;1;1;z;1;1;q;a;749;208.290927693;211.803223625;199.327320562;211.02598367;297043;21716649;17042304
1;1;1;z;1;1;q;a;750;206.655814364;211.541475824;204.132625846;208.325892774;295406;21992948;16819050
1;1;1;z;1;1;q;a;751;204.040878521;211.506321679;204.040878521;206.932718725;314809;22503469;16352834
1;1;1;z;1;1;q;a;752;212.824215976;214.08131051;202.074837325;203.320515263;325480;20792433;18126902
1;1;1;z;1;1;q;a;753;213.078202524;216.32768868;209.379263602;213.273446179;332114;20793858;18192411
1;1;1;z;1;1;q;a;754;211.497347593;214.739125935;209.185943221;212.419656983;340301;21222920;17820937
1;1;1;z;1;1;q;a;755;188.599570436;211.313995986;183.406360369;210.964227789;329149;24927918;14184727
1;1;1;z;1;1;q;a;756;185.792983764;191.089443245;181.23384566;188.864384771;331093;25700690;13476750
1;1;1;z;1;1;q;a;757;189.271001019;191.576777639;185.701797601;186.251063449;313852;24815854;14425562
1;1;1;z;1;1;q;a;758;199.241630087;200.197322877;189.127706393;189.272792674;292856;23200311;16099540
1;1;1;z;1;1;q;a;759;203.042760176;204.067752626;196.9626364;199.193852134;296751;22713832;16646826
1;1;1;z;1;1;q;a;760;195.581105922;203.449417785;193.75567763;203.243727347;317965;24046387;15374539
1;1;1;z;1;1;q;a;761;200.721307574;202.752658576;194.501589623;195.655328049;309376;23053416;16426945
1;1;1;z;1;1;q;a;762;207.151978688;209.050441863;200.142991874;200.434727585;296554;22016182;17522690
1;1;1;z;1;1;q;a;763;214.482890481;215.805303;207.13443804;207.13443804;317913;20466735;19137445
1;1;1;z;1;1;q;a;764;213.42421555;214.590613255;210.143052695;214.590613255;323997;20699307;18973475
1;1;1;z;1;1;q;a;765;210.008408979;214.643461678;208.006043938;213.53940724;320157;21714560;18026459
1;1;1;z;1;1;q;a;766;199.869702235;211.565959382;193.825649416;209.884623132;325287;23728157;16085726
1;1;1;z;1;1;q;a;767;207.195299323;208.591539834;198.185441906;199.445252089;335941;22363902;17527721
1;1;1;z;1;1;q;a;768;208.877378723;210.337590135;205.362049638;207.531922373;331432;21982914;17970702
1;1;1;z;1;1;q;a;769;202.601052966;210.47559473;202.601052966;208.739931603;299675;23418320;16595393
1;1;1;z;1;1;q;a;770;205.392487095;206.344555773;200.843322816;201.508314348;316446;22871882;17213028
1;1;1;z;1;1;q;a;771;201.824019812;205.75254632;200.26427483;205.320624087;334357;23701015;16464298
1;1;1;z;1;1;q;a;772;208.824042301;208.824042301;201.827024607;201.864945727;331660;21967160;18280017
1;1;1;z;1;1;q;a;773;219.629846565;220.078473288;206.308819015;208.950654042;338742;19743839;20576496
1;1;1;z;1;1;q;a;774;220.791959038;223.659696201;218.261382761;220.067537039;372442;19648100;20743452
1;1;1;z;1;1;q;a;775;242.303599809;243.943144477;218.744454287;220.679582653;345357;17677886;22786365
1;1;1;z;1;1;q;a;776;230.926016558;244.045261307;230.21060608;242.535101019;326901;18521351;22011450
1;1;1;z;1;1;q;a;777;246.957744662;248.074288124;230.615237029;230.860252561;353919;17331922;23283958
1;1;1;z;1;1;q;a;778;237.232150676;252.19120438;233.225299421;247.090668897;387293;18184978;22512471
1;1;1;z;1;1;q;a;779;244.011245319;244.011245319;235.60556137;237.183642376;350695;17637683;23136025
1;1;1;z;1;1;q;a;780;244.405453921;245.899320947;236.898765627;242.795607876;365838;17610367;23240016
1;1;1;z;1;1;q;a;781;241.252801036;247.329502999;240.696204909;244.271146195;346324;18059532;22864424
1;1;1;z;1;1;q;a;782;241.790079023;245.024163221;239.724539985;241.188392967;331250;18036307;22948624
1;1;1;z;1;1;q;a;783;245.016560068;245.30980491;236.467977842;242.046291925;316266;17553932;23493807
1;1;1;z;1;1;q;a;784;246.411848688;246.411848688;241.542183588;245.180984646;368326;17426774;23692224
1;1;1;z;1;1;q;a;785;244.762832643;248.342438256;242.386783428;246.422794985;360711;17585277;23596284
1;1;1;z;1;1;q;a;786;247.387706223;248.520208374;242.957698557;244.890972049;347005;17339581;23905781
1;1;1;z;1;1;q;a;787;231.846179185;249.877668855;229.942972879;247.664482996;348213;19593564;21718448
1;1;1;z;1;1;q;a;788;237.433633482;239.287193468;230.06148451;231.625462209;363496;19001295;22373606
1;1;1;z;1;1;q;a;789;239.013119088;239.178330507;235.979842566;237.522477819;342430;18723578;22700022
1;1;1;z;1;1;q;a;790;234.114695213;239.011795259;233.224413117;239.011795259;317493;19578924;21898788
1;1;1;z;1;1;q;a;791;230.154956193;234.110975886;221.369726135;233.610910844;354751;19969100;21575043
1;1;1;z;1;1;q;a;792;234.543202211;236.394304557;228.42614419;229.741155465;351608;19463516;22150448
1;1;1;z;1;1;q;a;793;233.087630463;235.943737996;229.457317023;234.490742915;345907;19726703;21958593
1;1;1;z;1;1;q;a;794;232.011836938;234.494790855;229.194125067;232.894587109;373800;19926939;21826966
1;1;1;z;1;1;q;a;795;227.113046362;232.101979593;226.936304432;232.026799817;361984;20728022;21097988
1;1;1;z;1;1;q;a;796;229.14005516;231.218940001;226.755074129;227.00592676;365495;20424635;21475502
1;1;1;z;1;1;q;a;797;228.852321851;232.288524498;228.609056448;229.627237878;350050;20581652;21389434
1;1;1;z;1;1;q;a;798;242.469977126;243.488241196;229.012433845;229.058769815;384344;18145113;23901727
1;1;1;z;1;1;q;a;799;244.126087345;244.804525293;240.061660301;242.695730138;399294;17771233;24356846
1;1;1;z;1;1;q;a;800;235.550653947;248.474074772;233.121497686;244.131056498;380345;19494898;22717546
1;1;1;z;1;1;q;a;801;233.164298746;236.039063015;230.522447351;235.702103127;377000;20071496;22225937
1;1;1;z;1;1;q;a;802;229.739634476;233.866892251;229.41732912;233.196291974;379735;20887096;21497107
1;1;1;z;1;1;q;a;803;223.047780639;232.258283338;220.766201721;230.524736012;373462;22141795;20325454
1;1;1;z;1;1;q;a;804;225.556105652;228.579155663;219.970192738;223.14883745;383848;21698589;20808640
1;1;1;z;1;1;q;a;805;228.32176352;229.601360729;222.356824542;225.22576773;444341;21091573;21407592
1;1;1;z;1;1;q;a;806;226.333193844;229.040987742;224.824674693;228.03634494;422176;21551199;21015615
1;1;1;z;1;1;q;a;807;231.096872279;232.485252749;225.016889974;226.761201949;409751;20315391;22312291
1;1;1;z;1;1;q;a;808;229.392201582;232.346781306;225.461957364;231.343013251;405200;20865902;21821363
1;1;1;z;1;1;q;a;809;225.387063259;229.560524586;224.951356333;229.135414335;386854;22051341;20700111
1;1;1;z;1;1;q;a;810;228.765700067;230.020460536;225.133309546;225.133309546;382929;20982796;21814979
1;1;1;z;1;1;q;a;811;227.819010324;229.670274875;224.602577093;228.449511975;342832;21242433;21597041
1;1;1;z;1;1;q;a;812;241.591129719;241.591129719;227.151267936;227.744278069;381398;18288857;24611935
1;1;1;z;1;1;q;a;813;238.966270642;242.5825085;234.67856211;241.591129719;404891;18654231;24312326
1;1;1;z;1;1;q;a;814;246.662511287;248.308862752;238.461005072;238.966270642;405049;17383756;25660116
1;1;1;z;1;1;q;a;815;243.35209027;247.105397053;239.898645911;246.662511287;402552;18079085;25040083
1;1;1;z;1;1;q;a;816;240.984985207;242.571429637;236.971146721;242.498707264;383527;18590628;24586252
1;1;1;z;1;1;q;a;817;239.45817693;241.323760303;238.564926167;241.128101996;389665;18929177;24298430
1;1;1;z;1;1;q;a;818;242.131695235;242.968285922;237.770210731;239.43421111;370430;18311626;24971304
1;1;1;z;1;1;q;a;819;239.60458484;244.26493979;238.244873782;242.615745401;420213;19054159;24297397
1;1;1;z;1;1;q;a;820;240.211494177;241.783796736;237.862536183;239.492068771;416889;18881629;24551027
1;1;1;z;1;1;q;a;821;238.423526948;241.110856;237.135566057;240.361138143;434719;19560141;23922575
1;1;1;z;1;1;q;a;822;233.895904089;238.752678402;231.621168905;238.473844314;392747;20632306;22924528
1;1;1;z;1;1;q;a;823;232.78008747;234.171047524;232.175525238;233.69139519;384442;21051546;22575719
1;1;1;z;1;1;q;a;824;235.472718127;236.418276899;232.447920962;232.672944382;361487;20217065;23475827
1;1;1;z;1;1;q;a;825;238.551248356;239.108140303;233.46979567;235.430821933;374151;19329381;24386822
1;1;1;z;1;1;q;a;826;236.453358793;239.576253504;235.065887045;239.576253504;411940;20039799;23730625
1;1;1;z;1;1;q;a;827;245.09489923;246.185821912;235.853083469;235.887345103;376641;17566751;26265611
1;1;1;z;1;1;q;a;828;262.190656292;262.697643722;242.484338998;245.035638171;395975;16190264;27702732
1;1;1;z;1;1;q;a;829;274.465803022;276.980804506;261.288478413;262.222270185;413441;14860561;29097155
1;1;1;z;1;1;q;a;830;279.055760819;285.836678077;269.622735837;274.460168532;391600;14658721;29367785
1;1;1;z;1;1;q;a;831;304.056761197;306.278104138;279.315423213;279.315423213;412990;12789286;31301029
1;1;1;z;1;1;q;a;832;309.423136273;316.136648282;300.398977129;303.839438945;414511;12402586;31755059
1;1;1;z;1;1;q;a;833;322.250783773;329.700868594;309.643609292;309.643609292;451420;11925856;32303145
1;1;1;z;1;1;q;a;834;316.462708277;325.73870916;307.91000059;321.514088181;482982;12226457;32064594
1;1;1;z;1;1;q;a;835;317.959103807;324.374849748;313.434563491;316.555373877;410744;12231438;32129984
1;1;1;z;1;1;q;a;836;334.793377749;338.237019654;315.942344244;318.144986303;416136;11502280;32930045
1;1;1;z;1;1;q;a;837;345.904443335;348.400860497;329.52374685;334.633743039;423534;11316213;33190561
1;1;1;z;1;1;q;a;838;385.12357038;388.798858008;343.969789008;345.798601857;442810;10773359;33787924
1;1;1;z;1;1;q;a;839;370.269148979;410.455876112;358.035733995;385.549871043;427668;11130355;33504630
1;1;1;z;1;1;q;a;840;386.780781169;396.391996632;370.173342591;371.133859143;445766;10833961;33864228
1;1;1;z;1;1;q;a;841;389.654457721;400.044257198;382.985113401;386.156467393;455335;10847816;33908387
1;1;1;z;1;1;q;a;842;401.779810376;406.278091232;386.379590396;389.710819888;459418;10543893;34281622
1;1;1;z;1;1;q;a;843;395.135818394;403.48866662;392.855772936;401.583866599;463473;10853511;34036480
1;1;1;z;1;1;q;a;844;379.644330606;398.066638833;368.219959405;395.226876502;439801;11559867;33408131
1;1;1;z;1;1;q;a;845;391.616756205;392.553949984;377.662444913;379.551583661;416095;11039817;33990214
1;1;1;z;1;1;q;a;846;390.435118618;399.490799371;385.984015179;395.305236246;389809;11185883;33901733
1;1;1;z;1;1;q;a;847;395.820555289;399.042047644;391.041493623;391.041493623;409219;10880657;34282459
1;1;1;z;1;1;q;a;848;380.369276846;398.284788599;371.210609902;395.894723854;403134;11900304;33331642
1;1;1;z;1;1;q;a;849;391.312314585;391.312314585;368.749047046;380.063817832;349712;11212291;34082577
1;1;1;z;1;1;q;a;850;429.912672442;432.44301287;380.346154951;390.632427643;375735;9853384;35502814
1;1;1;z;1;1;q;a;851;437.147800819;444.334062783;424.291931285;429.905756713;389349;9685318;35731739
1;1;1;z;1;1;q;a;852;433.247997117;441.702332184;429.874590759;438.184543805;400232;9933353;35542875
1;1;1;z;1;1;q;a;853;434.035769907;435.892320621;415.704175829;433.025942187;395155;9873576;35665075
1;1;1;z;1;1;q;a;854;430.001858256;441.47655511;422.987274596;434.632753459;396944;10100575;35502333
1;1;1;z;1;1;q;a;855;423.934581814;432.514126947;419.674107416;430.137409301;387219;10475158;35187786
1;1;1;z;1;1;q;a;856;406.634244473;427.024649222;397.683528876;424.522083204;394997;11189445;34513275
1;1;1;z;1;1;q;a;857;416.649162286;418.653580102;404.039698341;408.397206744;392227;10777822;34971891
1;1;1;z;1;1;q;a;858;388.676127759;418.555194309;387.825816464;416.412386968;417138;12385713;33458238
1;1;1;z;1;1;q;a;859;396.105807936;396.321288936;383.1420971;389.20914551;374847;11767266;34131207
1;1;1;z;1;1;q;a;860;391.734524058;396.490417399;385.039808917;395.626845324;389495;12167212;33788061
1;1;1;z;1;1;q;a;861;408.219087048;409.388581223;389.569207393;391.537842784;395717;11116483;34896313
1;1;1;z;1;1;q;a;862;384.517629924;408.47266079;374.893506074;408.238117176;383953;12870775;33197693
1;1;1;z;1;1;q;a;863;386.53346602;391.734020572;379.151586318;383.599902443;394674;12757314;33362765
1;1;1;z;1;1;q;a;864;382.493596228;395.349171508;374.866486409;386.703495708;389633;13064734;33101826
1;1;1;z;1;1;q;a;865;395.707247526;397.683653847;381.372567357;383.510120742;367648;11769369;34453262
1;1;1;z;1;1;q;a;866;400.271934865;405.560943709;393.037423129;395.623713302;339223;11453865;34817995
1;1;1;z;1;1;q;a;867;428.104883415;428.63224188;399.907430495;399.907430495;314721;10104509;36214505
1;1;1;z;1;1;q;a;868;435.567476928;438.52736077;419.83314542;428.533170155;369137;9780925;36592265
1;1;1;z;1;1;q;a;869;478.086841172;487.211889983;432.200262061;435.353566037;365472;8054580;38368781
1;1;1;z;1;1;q;a;870;440.439451959;479.98312998;425.895618072;476.617460481;346127;9776620;36693507
1;1;1;z;1;1;q;a;871;386.370113686;449.532472075;383.093402576;439.804510258;348892;13295521;33217818
1;1;1;z;1;1;q;a;872;388.241140415;402.411751082;371.636695541;384.91579922;390566;13133916;33414967
1;1;1;z;1;1;q;a;873;335.260079079;393.658394175;317.184356463;387.257158151;313397;14963308;31627630
1;1;1;z;1;1;q;a;874;353.362265679;359.019460498;319.35573466;333.376646167;345825;14494878;32132782
1;1;1;z;1;1;q;a;875;352.673494754;358.179114054;327.267363416;353.741485923;350898;14479691;32188923
1;1;1;z;1;1;q;a;876;337.602111896;355.562872591;329.198211452;354.29456047;341801;14982806;31722875
1;1;1;z;1;1;q;a;877;351.110016528;359.164487377;332.389442614;336.825036139;319403;14488760;32264695
1;1;1;z;1;1;q;a;878;368.101907072;377.393573135;352.129391098;352.129391098;314681;13979205;32816599
1;1;1;z;1;1;q;a;879;374.695588755;376.630394506;356.41012716;368.082503714;310103;13718981;33124041
1;1;1;z;1;1;q;a;880;387.183109613;387.183109613;367.902224921;374.567914273;310432;12950922;33935826
1;1;1;z;1;1;q;a;881;365.570005047;388.807535645;354.659689415;387.507666913;289441;14214146;32710677
1;1;1;z;1;1;q;a;882;377.268875067;384.009369733;357.999881369;365.446323345;312663;13658907;33303197
1;1;1;z;1;1;q;a;883;364.83921823;381.491917405;363.855842735;378.407128083;339271;14366485;32628954
1;1;1;z;1;1;q;a;884;365.812291316;372.767424109;357.018205024;364.584990946;314632;14316285;32721521
1;1;1;z;1;1;q;a;885;389.019219686;393.612250027;365.031853456;365.031853456;443546;12707610;34386578
1;1;1;z;1;1;q;a;886;384.364541978;391.90413319;377.265444974;389.5270737;426767;13208555;33935899
1;1;1;z;1;1;q;a;887;385.544383604;387.076344806;378.732529747;383.6658225;378055;13083844;34102327
1;1;1;z;1;1;q;a;888;371.052826188;385.528970984;367.626878374;385.528970984;401017;14322514;32881322
1;1;1;z;1;1;q;a;889;341.78607406;375.681973376;336.382074678;370.31566348;399924;15622922;31604242
1;1;1;z;1;1;q;a;890;344.503162317;346.510114001;337.045427363;339.916212679;365505;15473687;31780580
1;1;1;z;1;1;q;a;891;320.585544328;344.863178672;318.54496868;344.863178672;375632;16607174;30659282
1;1;1;z;1;1;q;a;892;349.356655616;350.98578634;318.632763137;320.073942418;390983;15169544;32117707
1;1;1;z;1;1;q;a;893;352.161853981;357.643127695;339.350307783;349.909300725;356886;15068725;32253678
1;1;1;z;1;1;q;a;894;354.965268234;355.79573495;348.58000359;352.562570003;355954;14939660;32385018
1;1;1;z;1;1;q;a;895;357.321700713;362.051353792;349.094404215;355.146086182;346970;14809962;32513001
1;1;1;z;1;1;q;a;896;354.950492867;366.890250504;354.950492867;358.328189779;368632;15043151;32314870
1;1;1;z;1;1;q;a;897;359.963421045;360.438864767;352.121191228;353.818321697;368241;14704184;32690015
1;1;1;z;1;1;q;a;898;360.02237269;360.963499475;353.614357884;359.535147631;367119;14685757;32757702
1;1;1;z;1;1;q;a;899;353.231293731;369.261043576;347.501459788;360.741306422;358750;15350716;32111352
1;1;1;z;1;1;q;a;900;346.2388818942237;354.023756032;337.804632198;352.436528219;350169;15732669;31751794
1;1;1;z;1;1;q;a;901;346.52208571591666;351.30770266891125;344.66665988959795;346.24992347161003;326563;15753504;31752495
1;1;1;z;1;1;q;a;902;352.5724536786027;354.04482253850426;345.13217884769017;346.62451594854866;337957;15301705;32203311
1;1;1;z;1;1;q;a;903;353.95432888880674;355.21214596116806;349.68022346561827;352.76911202597324;327199;15161402;32379686
1;1;1;z;1;1;q;a;904;340.8156931000111;354.9823191015806;338.0033059886137;353.9657317560726;348568;16313299;31258228
1;1;1;z;1;1;q;a;905;341.808668893047;342.4495393455417;334.54556531878285;341.004326284077;351256;16212482;31369902
1;1;1;z;1;1;q;a;906;350.7661452662558;352.21147934629886;335.65206592335073;342.1213317660054;347580;15455734;32145938
1;1;1;z;1;1;q;a;907;365.5905106443448;368.31024043489873;348.2156329627923;351.1775323636064;372579;14229123;33394811
1;1;1;z;1;1;q;a;908;370.96758819497745;378.26708120036375;365.35623120538065;365.35623120538065;364289;13964522;33695977
1;1;1;z;1;1;q;a;909;375.142049146778;377.246790394425;369.8360674263942;370.9530758245383;354427;13682228;34035574
1;1;1;z;1;1;q;a;910;387.73126575427335;395.1221485053486;366.65167726844595;374.6998752281319;369444;12616661;35145536
1;1;1;z;1;1;q;a;911;381.19144210248214;387.37381749479897;375.5841745234181;386.9732829302476;403473;13330042;34456642
1;1;1;z;1;1;q;a;912;379.48415416154097;387.29423070965646;374.1830335639501;382.0033165351768;391380;13561666;34251655
1;1;1;z;1;1;q;a;913;377.44184567405705;381.20866646089786;371.35460231997826;379.12350105748214;530336;13787104;34024813
1;1;1;z;1;1;q;a;914;366.2290052407567;380.0198130044254;362.59867691457214;377.92245744340755;482312;14880781;32937234
1;1;1;z;1;1;q;a;915;368.8381423856957;369.76813374463967;364.4892798696698;365.9685276756117;429359;14599158;33271649
1;1;1;z;1;1;q;a;916;378.21616905937;378.59754755608037;368.1291544124967;368.7680295481468;365294;13650408;34273244
1;1;1;z;1;1;q;a;917;379.93617490557324;383.317234350285;373.7030498207837;378.49803633889314;394625;13466135;34516389
1;1;1;z;1;1;q;a;918;369.1373578646947;380.76100319376286;367.60121420735567;379.6957895539466;387440;14829490;33217579
1;1;1;z;1;1;q;a;919;392.1889917364208;400.62725334725826;368.727956156011;369.1066314391973;420394;12133705;35983028
1;1;1;z;1;1;q;a;920;413.7737210602115;420.1414540003484;391.28089273979504;391.28089273979504;451140;10893515;37299394
1;1;1;z;1;1;q;a;921;409.36850967599935;418.90645665643865;403.8641346888412;414.18447560125;428684;11200962;37079187
1;1;1;z;1;1;q;a;922;412.6791009529401;416.27558908207465;407.8517300542647;409.74313512174615;392615;11066516;37257956
1;1;1;z;1;1;q;a;923;406.1567121290554;417.1591945760706;405.3534563987547;412.41621111098334;349205;11594971;36785554
1;1;1;z;1;1;q;a;924;393.6671235558937;411.279872102163;383.7829005876468;406.3306315709881;381006;12545103;35890157
1;1;1;z;1;1;q;a;925;403.37387205701776;409.763343976616;390.62281948291223;393.0808778975754;384836;11807145;36683858
1;1;1;z;1;1;q;a;926;388.9225635172634;408.96473840545474;381.86043571078085;403.4525046777779;407905;13203968;35346649
1;1;1;z;1;1;q;a;927;386.6965623754292;393.22768234170536;381.2887485683936;388.5658571764242;375870;13547883;35064737
1;1;1;z;1;1;q;a;928;383.4458514774354;391.4085731675473;375.092406813671;387.29452764075756;388942;13974422;34703176
1;1;1;z;1;1;q;a;929;386.5185179674772;392.5972091993371;381.29527713962483;382.993728953087;408519;13587705;35155693
1;1;1;z;1;1;q;a;930;395.2129611697478;397.0913134912061;385.3469028215197;386.40045471463986;381618;12353645;36448382
1;1;1;z;1;1;q;a;931;384.00695237414874;403.23159197637455;381.1980230320808;396.6765790075339;415240;14133444;34726200
1;1;1;z;1;1;q;a;932;387.06294274292964;389.51457243963483;373.07160106203924;382.77136431196084;408909;13555091;35368343
1;1;1;z;1;1;q;a;933;401.74739512890596;407.3378487364185;377.8515641360649;387.8208098477286;464479;11812933;37106596
1;1;1;z;1;1;q;a;934;413.99223389820895;417.2697518074521;397.85650839955184;403.03423623616146;425219;10902876;38054943
1;1;1;z;1;1;q;a;935;454.46756244132837;456.184543429147;412.9866661417287;414.31005397148886;458345;9214198;39798532
1;1;1;z;1;1;q;a;936;436.0732550448979;465.665778033971;428.5331353892834;454.9001577099756;431888;9975153;39072688
1;1;1;z;1;1;q;a;937;453.6422321041162;457.7804627332298;433.9872575975197;435.73610980642826;395733;9319989;39786133
1;1;1;z;1;1;q;a;938;444.69007645495594;457.310388143767;435.1680035561776;453.09675687939387;430427;9755283;39399112
1;1;1;z;1;1;q;a;939;449.5767687523073;453.7529684724872;439.63851042455263;444.21068228762175;415848;9578817;39629726
1;1;1;z;1;1;q;a;940;462.45733944828885;472.60753646075;449.5249452264236;449.909562373569;425700;8935874;40324698
1;1;1;z;1;1;q;a;941;460.7509484078175;467.6519812729993;452.07241717929037;462.1704488423248;407933;9072489;40236942
1;1;1;z;1;1;q;a;942;474.5088781752494;475.2092086349662;457.2982565172133;461.0287388262015;424626;8180806;41175250
1;1;1;z;1;1;q;a;943;460.5441748125987;474.57544412372357;454.15855452821785;474.57544412372357;423499;9230982;40156795
1;1;1;z;1;1;q;a;944;447.88828942419974;460.9732705785376;440.2543424317498;459.60549689135047;383372;10156962;39269992
1;1;1;z;1;1;q;a;945;460.0364889031251;463.48056712144853;445.5249384962633;447.4794639489614;415789;9283892;40183930
1;1;1;z;1;1;q;a;946;481.03344036449465;481.9662849328991;459.3364592575224;459.3364592575224;434040;7907582;41629579
1;1;1;z;1;1;q;a;947;479.590814103675;491.9923242307441;465.83564828889433;480.50040945509573;414826;7982791;41620416
1;1;1;z;1;1;q;a;948;471.2366886444449;480.12136961768044;465.70424952838954;478.77270258921664;435240;8627712;41048201
1;1;1;z;1;1;q;a;949;509.7577827559665;513.6103399511258;471.7265705208864;471.7265705208864;440415;7422637;42322286
1;1;1;z;1;1;q;a;950;549.9270824902901;549.9270824902901;504.25978907806893;510.1927637657915;462587;6768765;43030837